INSERT OR IGNORE INTO categories (id, slug, name, description, seo_title, created_at, updated_at) VALUES
('cat_cti','cti','Threat Intelligence','Feeds, enrichment, graphing, and analyst workbench tools for turning indicators into decisions.','Best threat intelligence tools',datetime('now'),datetime('now')),
('cat_osint','osint','OSINT','Open-source intelligence tools for domains, infrastructure, personas, social data, and investigations.','Best OSINT tools',datetime('now'),datetime('now')),
('cat_malware','malware-analysis','Malware Analysis','Sandboxes, reverse engineering helpers, static analysis, dynamic detonation, and sample intelligence.','Best malware analysis tools',datetime('now'),datetime('now')),
('cat_detection','detection-engineering','Detection Engineering','Sigma, YARA, SIEM content, rule testing, coverage mapping, and detection-as-code workflows.','Best detection engineering tools',datetime('now'),datetime('now')),
('cat_web3','web3-security','Web3 Security','Wallet, contract, transaction, phishing, and scam-investigation tools for crypto security teams.','Best Web3 security tools',datetime('now'),datetime('now')),
('cat_vuln','vulnerability-management','Vulnerability Management','CVE intelligence, exploitability, prioritization, EPSS, KEV, and exposure-triage tooling.','Best vulnerability management tools',datetime('now'),datetime('now'));

INSERT OR IGNORE INTO tools (id, slug, name, tagline, description, website_url, github_url, pricing_model, tool_type, status, featured, sponsor_tier, created_at, updated_at) VALUES
('urlscan','urlscan','urlscan.io','Scan and inspect URLs safely.','A browser-based URL analysis platform for screenshots, DOM, network requests, certificates, redirects, and phishing investigations.','https://urlscan.io/',NULL,'freemium','URL analysis','published',1,'none',datetime('now'),datetime('now')),
('virustotal','virustotal','VirusTotal','File, URL, domain, and IP reputation intelligence.','Aggregates detections and relationships across many security vendors. Useful for reputation checks and pivoting from IOCs into related infrastructure.','https://www.virustotal.com/',NULL,'freemium','Reputation intelligence','published',1,'none',datetime('now'),datetime('now')),
('sigma','sigma','Sigma','Generic SIEM detection rule format.','Open detection rule format that lets teams write portable log detections and convert them into SIEM-specific queries.','https://sigmahq.io/','https://github.com/SigmaHQ/sigma','open-source','Detection rules','published',1,'none',datetime('now'),datetime('now')),
('yara','yara','YARA','Pattern matching for malware research.','Rule-based matching engine used by malware researchers to identify and classify file samples and families.','https://virustotal.github.io/yara/','https://github.com/VirusTotal/yara','open-source','Malware rules','published',0,'none',datetime('now'),datetime('now')),
('mitre-attack','mitre-attack','MITRE ATT&CK','Adversary tactics and techniques knowledge base.','A common language for adversary behavior, useful for detection coverage, threat modeling, CTI reports, and SOC workflows.','https://attack.mitre.org/',NULL,'free','Knowledge base','published',1,'none',datetime('now'),datetime('now')),
('chainabuse','chainabuse','Chainabuse','Community crypto scam reporting.','A public reporting and investigation platform for crypto scams, fraud, malicious wallet activity, and Web3 abuse reports.','https://www.chainabuse.com/',NULL,'free','Web3 abuse intelligence','published',0,'none',datetime('now'),datetime('now')),
('cisa-kev','cisa-kev','CISA KEV Catalog','Known exploited vulnerabilities list.','Authoritative catalog of vulnerabilities known to be exploited in the wild. Useful as a prioritization signal for vulnerability response.','https://www.cisa.gov/known-exploited-vulnerabilities-catalog',NULL,'free','Vulnerability intelligence','published',1,'none',datetime('now'),datetime('now')),
('malwarebazaar','malwarebazaar','MalwareBazaar','Malware sample intelligence sharing.','abuse.ch project for malware sample submissions, hashes, tags, families, and related intelligence useful for defenders and researchers.','https://bazaar.abuse.ch/',NULL,'free','Malware feed','published',0,'none',datetime('now'),datetime('now'));

INSERT OR IGNORE INTO tool_categories (tool_id, category_id) VALUES
('urlscan','cat_osint'),('urlscan','cat_cti'),('virustotal','cat_cti'),('virustotal','cat_malware'),('sigma','cat_detection'),('yara','cat_malware'),('yara','cat_detection'),('mitre-attack','cat_cti'),('mitre-attack','cat_detection'),('chainabuse','cat_web3'),('chainabuse','cat_cti'),('cisa-kev','cat_vuln'),('cisa-kev','cat_cti'),('malwarebazaar','cat_malware'),('malwarebazaar','cat_cti');
