INSERT INTO categories (id, slug, name, description, seo_title, created_at, updated_at) VALUES ('cat_cti', 'cti', 'Threat Intelligence', 'Feeds, enrichment, graphing, and analyst workbench tools for turning indicators into decisions.', 'Threat intelligence tools for analysts', datetime('now'), datetime('now')) ON CONFLICT(slug) DO UPDATE SET name=excluded.name, description=excluded.description, seo_title=excluded.seo_title, updated_at=datetime('now');
INSERT INTO categories (id, slug, name, description, seo_title, created_at, updated_at) VALUES ('cat_security-vendors', 'security-vendors', 'Security Vendors', 'Commercial and community security vendor platforms used for threat intelligence, exposure monitoring, malware research, and analyst workflows.', 'Security vendor tools and platforms for analysts', datetime('now'), datetime('now')) ON CONFLICT(slug) DO UPDATE SET name=excluded.name, description=excluded.description, seo_title=excluded.seo_title, updated_at=datetime('now');
INSERT INTO categories (id, slug, name, description, seo_title, created_at, updated_at) VALUES ('cat_osint', 'osint', 'OSINT', 'Open-source intelligence tools for domains, infrastructure, personas, social data, and investigations.', 'OSINT tools for security investigations', datetime('now'), datetime('now')) ON CONFLICT(slug) DO UPDATE SET name=excluded.name, description=excluded.description, seo_title=excluded.seo_title, updated_at=datetime('now');
INSERT INTO categories (id, slug, name, description, seo_title, created_at, updated_at) VALUES ('cat_malware-analysis', 'malware-analysis', 'Malware Analysis', 'Sandboxes, reverse engineering helpers, static analysis, dynamic detonation, and sample intelligence.', 'Malware analysis tools for researchers', datetime('now'), datetime('now')) ON CONFLICT(slug) DO UPDATE SET name=excluded.name, description=excluded.description, seo_title=excluded.seo_title, updated_at=datetime('now');
INSERT INTO categories (id, slug, name, description, seo_title, created_at, updated_at) VALUES ('cat_detection-engineering', 'detection-engineering', 'Detection Engineering', 'Sigma, YARA, SIEM content, rule testing, coverage mapping, and detection-as-code workflows.', 'Detection engineering tools for SOC teams', datetime('now'), datetime('now')) ON CONFLICT(slug) DO UPDATE SET name=excluded.name, description=excluded.description, seo_title=excluded.seo_title, updated_at=datetime('now');
INSERT INTO categories (id, slug, name, description, seo_title, created_at, updated_at) VALUES ('cat_web3-security', 'web3-security', 'Web3 Security', 'Wallet, contract, transaction, phishing, and scam-investigation tools for crypto security teams.', 'Web3 security tools for crypto investigations', datetime('now'), datetime('now')) ON CONFLICT(slug) DO UPDATE SET name=excluded.name, description=excluded.description, seo_title=excluded.seo_title, updated_at=datetime('now');
INSERT INTO categories (id, slug, name, description, seo_title, created_at, updated_at) VALUES ('cat_vulnerability-management', 'vulnerability-management', 'Vulnerability Management', 'CVE intelligence, exploitability, prioritization, EPSS, KEV, and exposure-triage tooling.', 'Vulnerability management tools for prioritisation', datetime('now'), datetime('now')) ON CONFLICT(slug) DO UPDATE SET name=excluded.name, description=excluded.description, seo_title=excluded.seo_title, updated_at=datetime('now');
INSERT INTO tools (id, slug, name, tagline, description, website_url, github_url, docs_url, screenshot_url, image_url, pricing_model, tool_type, status, featured, sponsor_tier, created_at, updated_at) VALUES ('urlscan', 'urlscan', 'urlscan.io', 'Scan and inspect URLs safely.', 'A browser-based URL analysis platform for screenshots, DOM, network requests, certificates, redirects, and phishing investigations.', 'https://urlscan.io/', NULL, NULL, '/tool-screenshots/urlscan.webp', '/tool-images/urlscan.svg', 'freemium', 'URL analysis', 'published', 1, 'none', datetime('now'), datetime('now')) ON CONFLICT(slug) DO UPDATE SET name=excluded.name, tagline=excluded.tagline, description=excluded.description, website_url=excluded.website_url, github_url=excluded.github_url, docs_url=excluded.docs_url, screenshot_url=excluded.screenshot_url, image_url=excluded.image_url, pricing_model=excluded.pricing_model, tool_type=excluded.tool_type, status=excluded.status, featured=excluded.featured, sponsor_tier=excluded.sponsor_tier, updated_at=datetime('now');
DELETE FROM tool_categories WHERE tool_id = 'urlscan';
INSERT OR IGNORE INTO tool_categories (tool_id, category_id) SELECT 'urlscan', id FROM categories WHERE slug = 'osint';
INSERT OR IGNORE INTO tool_categories (tool_id, category_id) SELECT 'urlscan', id FROM categories WHERE slug = 'cti';
DELETE FROM tool_tags WHERE tool_id = 'urlscan';
INSERT OR IGNORE INTO tags (id, slug, name) VALUES ('url', 'url', 'url');
INSERT OR IGNORE INTO tool_tags (tool_id, tag_id) VALUES ('urlscan', 'url');
INSERT OR IGNORE INTO tags (id, slug, name) VALUES ('phishing', 'phishing', 'phishing');
INSERT OR IGNORE INTO tool_tags (tool_id, tag_id) VALUES ('urlscan', 'phishing');
INSERT OR IGNORE INTO tags (id, slug, name) VALUES ('screenshots', 'screenshots', 'screenshots');
INSERT OR IGNORE INTO tool_tags (tool_id, tag_id) VALUES ('urlscan', 'screenshots');
INSERT INTO tools (id, slug, name, tagline, description, website_url, github_url, docs_url, screenshot_url, image_url, pricing_model, tool_type, status, featured, sponsor_tier, created_at, updated_at) VALUES ('virustotal', 'virustotal', 'VirusTotal', 'File, URL, domain, and IP reputation intelligence.', 'Aggregates detections and relationships across many security vendors. Useful for reputation checks and pivoting from IOCs into related infrastructure.', 'https://www.virustotal.com/', NULL, NULL, '/tool-screenshots/virustotal.webp', '/tool-images/virustotal.svg', 'freemium', 'Reputation intelligence', 'published', 1, 'none', datetime('now'), datetime('now')) ON CONFLICT(slug) DO UPDATE SET name=excluded.name, tagline=excluded.tagline, description=excluded.description, website_url=excluded.website_url, github_url=excluded.github_url, docs_url=excluded.docs_url, screenshot_url=excluded.screenshot_url, image_url=excluded.image_url, pricing_model=excluded.pricing_model, tool_type=excluded.tool_type, status=excluded.status, featured=excluded.featured, sponsor_tier=excluded.sponsor_tier, updated_at=datetime('now');
DELETE FROM tool_categories WHERE tool_id = 'virustotal';
INSERT OR IGNORE INTO tool_categories (tool_id, category_id) SELECT 'virustotal', id FROM categories WHERE slug = 'cti';
INSERT OR IGNORE INTO tool_categories (tool_id, category_id) SELECT 'virustotal', id FROM categories WHERE slug = 'malware-analysis';
DELETE FROM tool_tags WHERE tool_id = 'virustotal';
INSERT OR IGNORE INTO tags (id, slug, name) VALUES ('ioc', 'ioc', 'ioc');
INSERT OR IGNORE INTO tool_tags (tool_id, tag_id) VALUES ('virustotal', 'ioc');
INSERT OR IGNORE INTO tags (id, slug, name) VALUES ('reputation', 'reputation', 'reputation');
INSERT OR IGNORE INTO tool_tags (tool_id, tag_id) VALUES ('virustotal', 'reputation');
INSERT OR IGNORE INTO tags (id, slug, name) VALUES ('pivoting', 'pivoting', 'pivoting');
INSERT OR IGNORE INTO tool_tags (tool_id, tag_id) VALUES ('virustotal', 'pivoting');
INSERT INTO tools (id, slug, name, tagline, description, website_url, github_url, docs_url, screenshot_url, image_url, pricing_model, tool_type, status, featured, sponsor_tier, created_at, updated_at) VALUES ('zscaler', 'zscaler', 'Zscaler', 'Cloud security and threat intelligence platform.', 'Security vendor platform for zero-trust access, cloud security, internet threat telemetry, and threat research useful to analysts tracking malicious infrastructure and exposure.', 'https://www.zscaler.com/', NULL, NULL, '/tool-screenshots/zscaler.webp', '/tool-images/zscaler.svg', 'enterprise', 'Security vendor platform', 'published', 1, 'none', datetime('now'), datetime('now')) ON CONFLICT(slug) DO UPDATE SET name=excluded.name, tagline=excluded.tagline, description=excluded.description, website_url=excluded.website_url, github_url=excluded.github_url, docs_url=excluded.docs_url, screenshot_url=excluded.screenshot_url, image_url=excluded.image_url, pricing_model=excluded.pricing_model, tool_type=excluded.tool_type, status=excluded.status, featured=excluded.featured, sponsor_tier=excluded.sponsor_tier, updated_at=datetime('now');
DELETE FROM tool_categories WHERE tool_id = 'zscaler';
INSERT OR IGNORE INTO tool_categories (tool_id, category_id) SELECT 'zscaler', id FROM categories WHERE slug = 'security-vendors';
INSERT OR IGNORE INTO tool_categories (tool_id, category_id) SELECT 'zscaler', id FROM categories WHERE slug = 'cti';
DELETE FROM tool_tags WHERE tool_id = 'zscaler';
INSERT OR IGNORE INTO tags (id, slug, name) VALUES ('zero-trust', 'zero-trust', 'zero-trust');
INSERT OR IGNORE INTO tool_tags (tool_id, tag_id) VALUES ('zscaler', 'zero-trust');
INSERT OR IGNORE INTO tags (id, slug, name) VALUES ('cloud-security', 'cloud-security', 'cloud-security');
INSERT OR IGNORE INTO tool_tags (tool_id, tag_id) VALUES ('zscaler', 'cloud-security');
INSERT OR IGNORE INTO tags (id, slug, name) VALUES ('threat-intelligence', 'threat-intelligence', 'threat-intelligence');
INSERT OR IGNORE INTO tool_tags (tool_id, tag_id) VALUES ('zscaler', 'threat-intelligence');
INSERT INTO tools (id, slug, name, tagline, description, website_url, github_url, docs_url, screenshot_url, image_url, pricing_model, tool_type, status, featured, sponsor_tier, created_at, updated_at) VALUES ('crowdstrike', 'crowdstrike', 'CrowdStrike', 'Endpoint, cloud, identity, and threat intelligence platform.', 'Security vendor platform covering endpoint protection, incident response, threat intelligence, exposure context, and Falcon Sandbox malware analysis workflows.', 'https://www.crowdstrike.com/', NULL, NULL, '/tool-screenshots/crowdstrike.webp', '/tool-images/crowdstrike.svg', 'enterprise', 'Security vendor platform', 'published', 1, 'none', datetime('now'), datetime('now')) ON CONFLICT(slug) DO UPDATE SET name=excluded.name, tagline=excluded.tagline, description=excluded.description, website_url=excluded.website_url, github_url=excluded.github_url, docs_url=excluded.docs_url, screenshot_url=excluded.screenshot_url, image_url=excluded.image_url, pricing_model=excluded.pricing_model, tool_type=excluded.tool_type, status=excluded.status, featured=excluded.featured, sponsor_tier=excluded.sponsor_tier, updated_at=datetime('now');
DELETE FROM tool_categories WHERE tool_id = 'crowdstrike';
INSERT OR IGNORE INTO tool_categories (tool_id, category_id) SELECT 'crowdstrike', id FROM categories WHERE slug = 'security-vendors';
INSERT OR IGNORE INTO tool_categories (tool_id, category_id) SELECT 'crowdstrike', id FROM categories WHERE slug = 'cti';
INSERT OR IGNORE INTO tool_categories (tool_id, category_id) SELECT 'crowdstrike', id FROM categories WHERE slug = 'detection-engineering';
DELETE FROM tool_tags WHERE tool_id = 'crowdstrike';
INSERT OR IGNORE INTO tags (id, slug, name) VALUES ('edr', 'edr', 'edr');
INSERT OR IGNORE INTO tool_tags (tool_id, tag_id) VALUES ('crowdstrike', 'edr');
INSERT OR IGNORE INTO tags (id, slug, name) VALUES ('threat-intelligence', 'threat-intelligence', 'threat-intelligence');
INSERT OR IGNORE INTO tool_tags (tool_id, tag_id) VALUES ('crowdstrike', 'threat-intelligence');
INSERT OR IGNORE INTO tags (id, slug, name) VALUES ('incident-response', 'incident-response', 'incident-response');
INSERT OR IGNORE INTO tool_tags (tool_id, tag_id) VALUES ('crowdstrike', 'incident-response');
INSERT INTO tools (id, slug, name, tagline, description, website_url, github_url, docs_url, screenshot_url, image_url, pricing_model, tool_type, status, featured, sponsor_tier, created_at, updated_at) VALUES ('hudsonrock', 'hudsonrock', 'Hudson Rock', 'Infostealer exposure intelligence.', 'Security intelligence platform focused on compromised credentials, infected machines, infostealer telemetry, and third-party exposure signals for investigations and risk teams.', 'https://www.hudsonrock.com/', NULL, NULL, '/tool-screenshots/hudsonrock.webp', '/tool-images/hudsonrock.svg', 'enterprise', 'Exposure intelligence', 'published', 1, 'none', datetime('now'), datetime('now')) ON CONFLICT(slug) DO UPDATE SET name=excluded.name, tagline=excluded.tagline, description=excluded.description, website_url=excluded.website_url, github_url=excluded.github_url, docs_url=excluded.docs_url, screenshot_url=excluded.screenshot_url, image_url=excluded.image_url, pricing_model=excluded.pricing_model, tool_type=excluded.tool_type, status=excluded.status, featured=excluded.featured, sponsor_tier=excluded.sponsor_tier, updated_at=datetime('now');
DELETE FROM tool_categories WHERE tool_id = 'hudsonrock';
INSERT OR IGNORE INTO tool_categories (tool_id, category_id) SELECT 'hudsonrock', id FROM categories WHERE slug = 'security-vendors';
INSERT OR IGNORE INTO tool_categories (tool_id, category_id) SELECT 'hudsonrock', id FROM categories WHERE slug = 'cti';
INSERT OR IGNORE INTO tool_categories (tool_id, category_id) SELECT 'hudsonrock', id FROM categories WHERE slug = 'osint';
DELETE FROM tool_tags WHERE tool_id = 'hudsonrock';
INSERT OR IGNORE INTO tags (id, slug, name) VALUES ('infostealer', 'infostealer', 'infostealer');
INSERT OR IGNORE INTO tool_tags (tool_id, tag_id) VALUES ('hudsonrock', 'infostealer');
INSERT OR IGNORE INTO tags (id, slug, name) VALUES ('credentials', 'credentials', 'credentials');
INSERT OR IGNORE INTO tool_tags (tool_id, tag_id) VALUES ('hudsonrock', 'credentials');
INSERT OR IGNORE INTO tags (id, slug, name) VALUES ('exposure', 'exposure', 'exposure');
INSERT OR IGNORE INTO tool_tags (tool_id, tag_id) VALUES ('hudsonrock', 'exposure');
INSERT INTO tools (id, slug, name, tagline, description, website_url, github_url, docs_url, screenshot_url, image_url, pricing_model, tool_type, status, featured, sponsor_tier, created_at, updated_at) VALUES ('opensourcemalware', 'opensourcemalware', 'OpenSourceMalware', 'Open malware research and samples index.', 'Community malware research resource for tracking malware projects, samples, and analysis references across open sources.', 'https://www.opensourcemalware.com/', NULL, NULL, '/tool-screenshots/opensourcemalware.webp', '/tool-images/opensourcemalware.svg', 'free', 'Malware research resource', 'published', 0, 'none', datetime('now'), datetime('now')) ON CONFLICT(slug) DO UPDATE SET name=excluded.name, tagline=excluded.tagline, description=excluded.description, website_url=excluded.website_url, github_url=excluded.github_url, docs_url=excluded.docs_url, screenshot_url=excluded.screenshot_url, image_url=excluded.image_url, pricing_model=excluded.pricing_model, tool_type=excluded.tool_type, status=excluded.status, featured=excluded.featured, sponsor_tier=excluded.sponsor_tier, updated_at=datetime('now');
DELETE FROM tool_categories WHERE tool_id = 'opensourcemalware';
INSERT OR IGNORE INTO tool_categories (tool_id, category_id) SELECT 'opensourcemalware', id FROM categories WHERE slug = 'security-vendors';
INSERT OR IGNORE INTO tool_categories (tool_id, category_id) SELECT 'opensourcemalware', id FROM categories WHERE slug = 'malware-analysis';
INSERT OR IGNORE INTO tool_categories (tool_id, category_id) SELECT 'opensourcemalware', id FROM categories WHERE slug = 'cti';
DELETE FROM tool_tags WHERE tool_id = 'opensourcemalware';
INSERT OR IGNORE INTO tags (id, slug, name) VALUES ('malware', 'malware', 'malware');
INSERT OR IGNORE INTO tool_tags (tool_id, tag_id) VALUES ('opensourcemalware', 'malware');
INSERT OR IGNORE INTO tags (id, slug, name) VALUES ('open-source', 'open-source', 'open-source');
INSERT OR IGNORE INTO tool_tags (tool_id, tag_id) VALUES ('opensourcemalware', 'open-source');
INSERT OR IGNORE INTO tags (id, slug, name) VALUES ('research', 'research', 'research');
INSERT OR IGNORE INTO tool_tags (tool_id, tag_id) VALUES ('opensourcemalware', 'research');
INSERT INTO tools (id, slug, name, tagline, description, website_url, github_url, docs_url, screenshot_url, image_url, pricing_model, tool_type, status, featured, sponsor_tier, created_at, updated_at) VALUES ('abuseipdb', 'abuseipdb', 'AbuseIPDB', 'Community IP abuse reputation.', 'Crowdsourced abuse reports for IP addresses, useful for triaging scanners, brute-force sources, bot activity, and suspicious infrastructure.', 'https://www.abuseipdb.com/', NULL, NULL, '/tool-screenshots/abuseipdb.webp', '/tool-images/abuseipdb.svg', 'freemium', 'IP reputation', 'published', 1, 'none', datetime('now'), datetime('now')) ON CONFLICT(slug) DO UPDATE SET name=excluded.name, tagline=excluded.tagline, description=excluded.description, website_url=excluded.website_url, github_url=excluded.github_url, docs_url=excluded.docs_url, screenshot_url=excluded.screenshot_url, image_url=excluded.image_url, pricing_model=excluded.pricing_model, tool_type=excluded.tool_type, status=excluded.status, featured=excluded.featured, sponsor_tier=excluded.sponsor_tier, updated_at=datetime('now');
DELETE FROM tool_categories WHERE tool_id = 'abuseipdb';
INSERT OR IGNORE INTO tool_categories (tool_id, category_id) SELECT 'abuseipdb', id FROM categories WHERE slug = 'cti';
INSERT OR IGNORE INTO tool_categories (tool_id, category_id) SELECT 'abuseipdb', id FROM categories WHERE slug = 'osint';
DELETE FROM tool_tags WHERE tool_id = 'abuseipdb';
INSERT OR IGNORE INTO tags (id, slug, name) VALUES ('ip', 'ip', 'ip');
INSERT OR IGNORE INTO tool_tags (tool_id, tag_id) VALUES ('abuseipdb', 'ip');
INSERT OR IGNORE INTO tags (id, slug, name) VALUES ('abuse', 'abuse', 'abuse');
INSERT OR IGNORE INTO tool_tags (tool_id, tag_id) VALUES ('abuseipdb', 'abuse');
INSERT OR IGNORE INTO tags (id, slug, name) VALUES ('reputation', 'reputation', 'reputation');
INSERT OR IGNORE INTO tool_tags (tool_id, tag_id) VALUES ('abuseipdb', 'reputation');
INSERT INTO tools (id, slug, name, tagline, description, website_url, github_url, docs_url, screenshot_url, image_url, pricing_model, tool_type, status, featured, sponsor_tier, created_at, updated_at) VALUES ('shodan', 'shodan', 'Shodan', 'Search internet-exposed services.', 'Internet-wide search engine for exposed hosts, services, banners, vulnerabilities, and infrastructure reconnaissance.', 'https://www.shodan.io/', NULL, NULL, '/tool-screenshots/shodan.webp', '/tool-images/shodan.svg', 'freemium', 'Attack surface search', 'published', 1, 'none', datetime('now'), datetime('now')) ON CONFLICT(slug) DO UPDATE SET name=excluded.name, tagline=excluded.tagline, description=excluded.description, website_url=excluded.website_url, github_url=excluded.github_url, docs_url=excluded.docs_url, screenshot_url=excluded.screenshot_url, image_url=excluded.image_url, pricing_model=excluded.pricing_model, tool_type=excluded.tool_type, status=excluded.status, featured=excluded.featured, sponsor_tier=excluded.sponsor_tier, updated_at=datetime('now');
DELETE FROM tool_categories WHERE tool_id = 'shodan';
INSERT OR IGNORE INTO tool_categories (tool_id, category_id) SELECT 'shodan', id FROM categories WHERE slug = 'osint';
INSERT OR IGNORE INTO tool_categories (tool_id, category_id) SELECT 'shodan', id FROM categories WHERE slug = 'vulnerability-management';
DELETE FROM tool_tags WHERE tool_id = 'shodan';
INSERT OR IGNORE INTO tags (id, slug, name) VALUES ('exposure', 'exposure', 'exposure');
INSERT OR IGNORE INTO tool_tags (tool_id, tag_id) VALUES ('shodan', 'exposure');
INSERT OR IGNORE INTO tags (id, slug, name) VALUES ('banners', 'banners', 'banners');
INSERT OR IGNORE INTO tool_tags (tool_id, tag_id) VALUES ('shodan', 'banners');
INSERT OR IGNORE INTO tags (id, slug, name) VALUES ('recon', 'recon', 'recon');
INSERT OR IGNORE INTO tool_tags (tool_id, tag_id) VALUES ('shodan', 'recon');
INSERT INTO tools (id, slug, name, tagline, description, website_url, github_url, docs_url, screenshot_url, image_url, pricing_model, tool_type, status, featured, sponsor_tier, created_at, updated_at) VALUES ('censys', 'censys', 'Censys Search', 'Internet asset and certificate search.', 'Searches hosts, certificates, and services across the internet, useful for exposure management and infrastructure investigation.', 'https://search.censys.io/', NULL, NULL, '/tool-screenshots/censys.webp', '/tool-images/censys.svg', 'freemium', 'Attack surface search', 'published', 1, 'none', datetime('now'), datetime('now')) ON CONFLICT(slug) DO UPDATE SET name=excluded.name, tagline=excluded.tagline, description=excluded.description, website_url=excluded.website_url, github_url=excluded.github_url, docs_url=excluded.docs_url, screenshot_url=excluded.screenshot_url, image_url=excluded.image_url, pricing_model=excluded.pricing_model, tool_type=excluded.tool_type, status=excluded.status, featured=excluded.featured, sponsor_tier=excluded.sponsor_tier, updated_at=datetime('now');
DELETE FROM tool_categories WHERE tool_id = 'censys';
INSERT OR IGNORE INTO tool_categories (tool_id, category_id) SELECT 'censys', id FROM categories WHERE slug = 'osint';
INSERT OR IGNORE INTO tool_categories (tool_id, category_id) SELECT 'censys', id FROM categories WHERE slug = 'vulnerability-management';
DELETE FROM tool_tags WHERE tool_id = 'censys';
INSERT OR IGNORE INTO tags (id, slug, name) VALUES ('certificates', 'certificates', 'certificates');
INSERT OR IGNORE INTO tool_tags (tool_id, tag_id) VALUES ('censys', 'certificates');
INSERT OR IGNORE INTO tags (id, slug, name) VALUES ('exposure', 'exposure', 'exposure');
INSERT OR IGNORE INTO tool_tags (tool_id, tag_id) VALUES ('censys', 'exposure');
INSERT OR IGNORE INTO tags (id, slug, name) VALUES ('assets', 'assets', 'assets');
INSERT OR IGNORE INTO tool_tags (tool_id, tag_id) VALUES ('censys', 'assets');
INSERT INTO tools (id, slug, name, tagline, description, website_url, github_url, docs_url, screenshot_url, image_url, pricing_model, tool_type, status, featured, sponsor_tier, created_at, updated_at) VALUES ('fofa', 'fofa', 'FOFA', 'Cyberspace asset search.', 'Search engine for internet assets, technologies, services, and exposure patterns across global infrastructure.', 'https://en.fofa.info/', NULL, NULL, '/tool-screenshots/fofa.webp', '/tool-images/fofa.svg', 'freemium', 'Attack surface search', 'published', 0, 'none', datetime('now'), datetime('now')) ON CONFLICT(slug) DO UPDATE SET name=excluded.name, tagline=excluded.tagline, description=excluded.description, website_url=excluded.website_url, github_url=excluded.github_url, docs_url=excluded.docs_url, screenshot_url=excluded.screenshot_url, image_url=excluded.image_url, pricing_model=excluded.pricing_model, tool_type=excluded.tool_type, status=excluded.status, featured=excluded.featured, sponsor_tier=excluded.sponsor_tier, updated_at=datetime('now');
DELETE FROM tool_categories WHERE tool_id = 'fofa';
INSERT OR IGNORE INTO tool_categories (tool_id, category_id) SELECT 'fofa', id FROM categories WHERE slug = 'osint';
INSERT OR IGNORE INTO tool_categories (tool_id, category_id) SELECT 'fofa', id FROM categories WHERE slug = 'vulnerability-management';
DELETE FROM tool_tags WHERE tool_id = 'fofa';
INSERT OR IGNORE INTO tags (id, slug, name) VALUES ('assets', 'assets', 'assets');
INSERT OR IGNORE INTO tool_tags (tool_id, tag_id) VALUES ('fofa', 'assets');
INSERT OR IGNORE INTO tags (id, slug, name) VALUES ('recon', 'recon', 'recon');
INSERT OR IGNORE INTO tool_tags (tool_id, tag_id) VALUES ('fofa', 'recon');
INSERT OR IGNORE INTO tags (id, slug, name) VALUES ('exposure', 'exposure', 'exposure');
INSERT OR IGNORE INTO tool_tags (tool_id, tag_id) VALUES ('fofa', 'exposure');
INSERT INTO tools (id, slug, name, tagline, description, website_url, github_url, docs_url, screenshot_url, image_url, pricing_model, tool_type, status, featured, sponsor_tier, created_at, updated_at) VALUES ('criminal-ip', 'criminal-ip', 'Criminal IP', 'Attack surface and threat intelligence search.', 'Internet asset search and risk intelligence platform for exposed services, malicious IPs, phishing, and suspicious infrastructure.', 'https://www.criminalip.io/', NULL, NULL, '/tool-screenshots/criminal-ip.webp', '/tool-images/criminal-ip.svg', 'freemium', 'Attack surface intelligence', 'published', 0, 'none', datetime('now'), datetime('now')) ON CONFLICT(slug) DO UPDATE SET name=excluded.name, tagline=excluded.tagline, description=excluded.description, website_url=excluded.website_url, github_url=excluded.github_url, docs_url=excluded.docs_url, screenshot_url=excluded.screenshot_url, image_url=excluded.image_url, pricing_model=excluded.pricing_model, tool_type=excluded.tool_type, status=excluded.status, featured=excluded.featured, sponsor_tier=excluded.sponsor_tier, updated_at=datetime('now');
DELETE FROM tool_categories WHERE tool_id = 'criminal-ip';
INSERT OR IGNORE INTO tool_categories (tool_id, category_id) SELECT 'criminal-ip', id FROM categories WHERE slug = 'cti';
INSERT OR IGNORE INTO tool_categories (tool_id, category_id) SELECT 'criminal-ip', id FROM categories WHERE slug = 'osint';
INSERT OR IGNORE INTO tool_categories (tool_id, category_id) SELECT 'criminal-ip', id FROM categories WHERE slug = 'vulnerability-management';
DELETE FROM tool_tags WHERE tool_id = 'criminal-ip';
INSERT OR IGNORE INTO tags (id, slug, name) VALUES ('ip', 'ip', 'ip');
INSERT OR IGNORE INTO tool_tags (tool_id, tag_id) VALUES ('criminal-ip', 'ip');
INSERT OR IGNORE INTO tags (id, slug, name) VALUES ('exposure', 'exposure', 'exposure');
INSERT OR IGNORE INTO tool_tags (tool_id, tag_id) VALUES ('criminal-ip', 'exposure');
INSERT OR IGNORE INTO tags (id, slug, name) VALUES ('phishing', 'phishing', 'phishing');
INSERT OR IGNORE INTO tool_tags (tool_id, tag_id) VALUES ('criminal-ip', 'phishing');
INSERT INTO tools (id, slug, name, tagline, description, website_url, github_url, docs_url, screenshot_url, image_url, pricing_model, tool_type, status, featured, sponsor_tier, created_at, updated_at) VALUES ('greynoise', 'greynoise', 'GreyNoise', 'Separate internet noise from targeted activity.', 'Contextualizes IP scanning activity so analysts can distinguish opportunistic internet noise from more meaningful threats.', 'https://www.greynoise.io/', NULL, NULL, '/tool-screenshots/greynoise.webp', '/tool-images/greynoise.svg', 'freemium', 'Internet noise intelligence', 'published', 1, 'none', datetime('now'), datetime('now')) ON CONFLICT(slug) DO UPDATE SET name=excluded.name, tagline=excluded.tagline, description=excluded.description, website_url=excluded.website_url, github_url=excluded.github_url, docs_url=excluded.docs_url, screenshot_url=excluded.screenshot_url, image_url=excluded.image_url, pricing_model=excluded.pricing_model, tool_type=excluded.tool_type, status=excluded.status, featured=excluded.featured, sponsor_tier=excluded.sponsor_tier, updated_at=datetime('now');
DELETE FROM tool_categories WHERE tool_id = 'greynoise';
INSERT OR IGNORE INTO tool_categories (tool_id, category_id) SELECT 'greynoise', id FROM categories WHERE slug = 'cti';
INSERT OR IGNORE INTO tool_categories (tool_id, category_id) SELECT 'greynoise', id FROM categories WHERE slug = 'vulnerability-management';
DELETE FROM tool_tags WHERE tool_id = 'greynoise';
INSERT OR IGNORE INTO tags (id, slug, name) VALUES ('scanners', 'scanners', 'scanners');
INSERT OR IGNORE INTO tool_tags (tool_id, tag_id) VALUES ('greynoise', 'scanners');
INSERT OR IGNORE INTO tags (id, slug, name) VALUES ('ip', 'ip', 'ip');
INSERT OR IGNORE INTO tool_tags (tool_id, tag_id) VALUES ('greynoise', 'ip');
INSERT OR IGNORE INTO tags (id, slug, name) VALUES ('noise', 'noise', 'noise');
INSERT OR IGNORE INTO tool_tags (tool_id, tag_id) VALUES ('greynoise', 'noise');
INSERT INTO tools (id, slug, name, tagline, description, website_url, github_url, docs_url, screenshot_url, image_url, pricing_model, tool_type, status, featured, sponsor_tier, created_at, updated_at) VALUES ('alienvault-otx', 'alienvault-otx', 'AlienVault OTX', 'Community threat intelligence pulses.', 'Open threat exchange for community-shared indicators, pulses, adversary context, and enrichment workflows.', 'https://otx.alienvault.com/', NULL, NULL, '/tool-screenshots/alienvault-otx.webp', '/tool-images/alienvault-otx.svg', 'free', 'Threat intelligence community', 'published', 0, 'none', datetime('now'), datetime('now')) ON CONFLICT(slug) DO UPDATE SET name=excluded.name, tagline=excluded.tagline, description=excluded.description, website_url=excluded.website_url, github_url=excluded.github_url, docs_url=excluded.docs_url, screenshot_url=excluded.screenshot_url, image_url=excluded.image_url, pricing_model=excluded.pricing_model, tool_type=excluded.tool_type, status=excluded.status, featured=excluded.featured, sponsor_tier=excluded.sponsor_tier, updated_at=datetime('now');
DELETE FROM tool_categories WHERE tool_id = 'alienvault-otx';
INSERT OR IGNORE INTO tool_categories (tool_id, category_id) SELECT 'alienvault-otx', id FROM categories WHERE slug = 'cti';
DELETE FROM tool_tags WHERE tool_id = 'alienvault-otx';
INSERT OR IGNORE INTO tags (id, slug, name) VALUES ('ioc', 'ioc', 'ioc');
INSERT OR IGNORE INTO tool_tags (tool_id, tag_id) VALUES ('alienvault-otx', 'ioc');
INSERT OR IGNORE INTO tags (id, slug, name) VALUES ('pulses', 'pulses', 'pulses');
INSERT OR IGNORE INTO tool_tags (tool_id, tag_id) VALUES ('alienvault-otx', 'pulses');
INSERT OR IGNORE INTO tags (id, slug, name) VALUES ('community', 'community', 'community');
INSERT OR IGNORE INTO tool_tags (tool_id, tag_id) VALUES ('alienvault-otx', 'community');
INSERT INTO tools (id, slug, name, tagline, description, website_url, github_url, docs_url, screenshot_url, image_url, pricing_model, tool_type, status, featured, sponsor_tier, created_at, updated_at) VALUES ('misp', 'misp', 'MISP', 'Open-source threat intelligence sharing.', 'Threat intelligence platform for storing, correlating, sharing, and operationalizing indicators, sightings, and event context.', 'https://www.misp-project.org/', NULL, NULL, '/tool-screenshots/misp.webp', '/tool-images/misp.svg', 'open-source', 'Threat intelligence platform', 'published', 1, 'none', datetime('now'), datetime('now')) ON CONFLICT(slug) DO UPDATE SET name=excluded.name, tagline=excluded.tagline, description=excluded.description, website_url=excluded.website_url, github_url=excluded.github_url, docs_url=excluded.docs_url, screenshot_url=excluded.screenshot_url, image_url=excluded.image_url, pricing_model=excluded.pricing_model, tool_type=excluded.tool_type, status=excluded.status, featured=excluded.featured, sponsor_tier=excluded.sponsor_tier, updated_at=datetime('now');
DELETE FROM tool_categories WHERE tool_id = 'misp';
INSERT OR IGNORE INTO tool_categories (tool_id, category_id) SELECT 'misp', id FROM categories WHERE slug = 'cti';
DELETE FROM tool_tags WHERE tool_id = 'misp';
INSERT OR IGNORE INTO tags (id, slug, name) VALUES ('sharing', 'sharing', 'sharing');
INSERT OR IGNORE INTO tool_tags (tool_id, tag_id) VALUES ('misp', 'sharing');
INSERT OR IGNORE INTO tags (id, slug, name) VALUES ('ioc', 'ioc', 'ioc');
INSERT OR IGNORE INTO tool_tags (tool_id, tag_id) VALUES ('misp', 'ioc');
INSERT OR IGNORE INTO tags (id, slug, name) VALUES ('correlation', 'correlation', 'correlation');
INSERT OR IGNORE INTO tool_tags (tool_id, tag_id) VALUES ('misp', 'correlation');
INSERT INTO tools (id, slug, name, tagline, description, website_url, github_url, docs_url, screenshot_url, image_url, pricing_model, tool_type, status, featured, sponsor_tier, created_at, updated_at) VALUES ('opencti', 'opencti', 'OpenCTI', 'Open-source CTI knowledge graph.', 'Cyber threat intelligence platform for modeling entities, relationships, reports, indicators, and adversary knowledge.', 'https://www.opencti.io/', NULL, NULL, '/tool-screenshots/opencti.webp', '/tool-images/opencti.svg', 'open-source', 'CTI knowledge graph', 'published', 1, 'none', datetime('now'), datetime('now')) ON CONFLICT(slug) DO UPDATE SET name=excluded.name, tagline=excluded.tagline, description=excluded.description, website_url=excluded.website_url, github_url=excluded.github_url, docs_url=excluded.docs_url, screenshot_url=excluded.screenshot_url, image_url=excluded.image_url, pricing_model=excluded.pricing_model, tool_type=excluded.tool_type, status=excluded.status, featured=excluded.featured, sponsor_tier=excluded.sponsor_tier, updated_at=datetime('now');
DELETE FROM tool_categories WHERE tool_id = 'opencti';
INSERT OR IGNORE INTO tool_categories (tool_id, category_id) SELECT 'opencti', id FROM categories WHERE slug = 'cti';
DELETE FROM tool_tags WHERE tool_id = 'opencti';
INSERT OR IGNORE INTO tags (id, slug, name) VALUES ('stix', 'stix', 'stix');
INSERT OR IGNORE INTO tool_tags (tool_id, tag_id) VALUES ('opencti', 'stix');
INSERT OR IGNORE INTO tags (id, slug, name) VALUES ('graph', 'graph', 'graph');
INSERT OR IGNORE INTO tool_tags (tool_id, tag_id) VALUES ('opencti', 'graph');
INSERT OR IGNORE INTO tags (id, slug, name) VALUES ('intel', 'intel', 'intel');
INSERT OR IGNORE INTO tool_tags (tool_id, tag_id) VALUES ('opencti', 'intel');
INSERT INTO tools (id, slug, name, tagline, description, website_url, github_url, docs_url, screenshot_url, image_url, pricing_model, tool_type, status, featured, sponsor_tier, created_at, updated_at) VALUES ('threatfox', 'threatfox', 'ThreatFox', 'Malware IOC feed by abuse.ch.', 'Community-driven feed of indicators associated with malware families, botnets, command-and-control servers, and campaigns.', 'https://threatfox.abuse.ch/', NULL, NULL, '/tool-screenshots/threatfox.webp', '/tool-images/threatfox.svg', 'free', 'Malware IOC feed', 'published', 0, 'none', datetime('now'), datetime('now')) ON CONFLICT(slug) DO UPDATE SET name=excluded.name, tagline=excluded.tagline, description=excluded.description, website_url=excluded.website_url, github_url=excluded.github_url, docs_url=excluded.docs_url, screenshot_url=excluded.screenshot_url, image_url=excluded.image_url, pricing_model=excluded.pricing_model, tool_type=excluded.tool_type, status=excluded.status, featured=excluded.featured, sponsor_tier=excluded.sponsor_tier, updated_at=datetime('now');
DELETE FROM tool_categories WHERE tool_id = 'threatfox';
INSERT OR IGNORE INTO tool_categories (tool_id, category_id) SELECT 'threatfox', id FROM categories WHERE slug = 'cti';
INSERT OR IGNORE INTO tool_categories (tool_id, category_id) SELECT 'threatfox', id FROM categories WHERE slug = 'malware-analysis';
DELETE FROM tool_tags WHERE tool_id = 'threatfox';
INSERT OR IGNORE INTO tags (id, slug, name) VALUES ('ioc', 'ioc', 'ioc');
INSERT OR IGNORE INTO tool_tags (tool_id, tag_id) VALUES ('threatfox', 'ioc');
INSERT OR IGNORE INTO tags (id, slug, name) VALUES ('malware', 'malware', 'malware');
INSERT OR IGNORE INTO tool_tags (tool_id, tag_id) VALUES ('threatfox', 'malware');
INSERT OR IGNORE INTO tags (id, slug, name) VALUES ('abusech', 'abusech', 'abusech');
INSERT OR IGNORE INTO tool_tags (tool_id, tag_id) VALUES ('threatfox', 'abusech');
INSERT INTO tools (id, slug, name, tagline, description, website_url, github_url, docs_url, screenshot_url, image_url, pricing_model, tool_type, status, featured, sponsor_tier, created_at, updated_at) VALUES ('urlhaus', 'urlhaus', 'URLhaus', 'Malware URL exchange.', 'abuse.ch project for sharing, searching, and downloading malware distribution URLs and related payload intelligence.', 'https://urlhaus.abuse.ch/', NULL, NULL, '/tool-screenshots/urlhaus.webp', '/tool-images/urlhaus.svg', 'free', 'Malware URL feed', 'published', 0, 'none', datetime('now'), datetime('now')) ON CONFLICT(slug) DO UPDATE SET name=excluded.name, tagline=excluded.tagline, description=excluded.description, website_url=excluded.website_url, github_url=excluded.github_url, docs_url=excluded.docs_url, screenshot_url=excluded.screenshot_url, image_url=excluded.image_url, pricing_model=excluded.pricing_model, tool_type=excluded.tool_type, status=excluded.status, featured=excluded.featured, sponsor_tier=excluded.sponsor_tier, updated_at=datetime('now');
DELETE FROM tool_categories WHERE tool_id = 'urlhaus';
INSERT OR IGNORE INTO tool_categories (tool_id, category_id) SELECT 'urlhaus', id FROM categories WHERE slug = 'cti';
INSERT OR IGNORE INTO tool_categories (tool_id, category_id) SELECT 'urlhaus', id FROM categories WHERE slug = 'malware-analysis';
DELETE FROM tool_tags WHERE tool_id = 'urlhaus';
INSERT OR IGNORE INTO tags (id, slug, name) VALUES ('malware', 'malware', 'malware');
INSERT OR IGNORE INTO tool_tags (tool_id, tag_id) VALUES ('urlhaus', 'malware');
INSERT OR IGNORE INTO tags (id, slug, name) VALUES ('urls', 'urls', 'urls');
INSERT OR IGNORE INTO tool_tags (tool_id, tag_id) VALUES ('urlhaus', 'urls');
INSERT OR IGNORE INTO tags (id, slug, name) VALUES ('abusech', 'abusech', 'abusech');
INSERT OR IGNORE INTO tool_tags (tool_id, tag_id) VALUES ('urlhaus', 'abusech');
INSERT INTO tools (id, slug, name, tagline, description, website_url, github_url, docs_url, screenshot_url, image_url, pricing_model, tool_type, status, featured, sponsor_tier, created_at, updated_at) VALUES ('malwarebazaar', 'malwarebazaar', 'MalwareBazaar', 'Malware sample intelligence sharing.', 'abuse.ch project for malware sample submissions, hashes, tags, families, and related intelligence useful for defenders and researchers.', 'https://bazaar.abuse.ch/', NULL, NULL, '/tool-screenshots/malwarebazaar.webp', '/tool-images/malwarebazaar.svg', 'free', 'Malware feed', 'published', 0, 'none', datetime('now'), datetime('now')) ON CONFLICT(slug) DO UPDATE SET name=excluded.name, tagline=excluded.tagline, description=excluded.description, website_url=excluded.website_url, github_url=excluded.github_url, docs_url=excluded.docs_url, screenshot_url=excluded.screenshot_url, image_url=excluded.image_url, pricing_model=excluded.pricing_model, tool_type=excluded.tool_type, status=excluded.status, featured=excluded.featured, sponsor_tier=excluded.sponsor_tier, updated_at=datetime('now');
DELETE FROM tool_categories WHERE tool_id = 'malwarebazaar';
INSERT OR IGNORE INTO tool_categories (tool_id, category_id) SELECT 'malwarebazaar', id FROM categories WHERE slug = 'malware-analysis';
INSERT OR IGNORE INTO tool_categories (tool_id, category_id) SELECT 'malwarebazaar', id FROM categories WHERE slug = 'cti';
DELETE FROM tool_tags WHERE tool_id = 'malwarebazaar';
INSERT OR IGNORE INTO tags (id, slug, name) VALUES ('malware', 'malware', 'malware');
INSERT OR IGNORE INTO tool_tags (tool_id, tag_id) VALUES ('malwarebazaar', 'malware');
INSERT OR IGNORE INTO tags (id, slug, name) VALUES ('samples', 'samples', 'samples');
INSERT OR IGNORE INTO tool_tags (tool_id, tag_id) VALUES ('malwarebazaar', 'samples');
INSERT OR IGNORE INTO tags (id, slug, name) VALUES ('abusech', 'abusech', 'abusech');
INSERT OR IGNORE INTO tool_tags (tool_id, tag_id) VALUES ('malwarebazaar', 'abusech');
INSERT INTO tools (id, slug, name, tagline, description, website_url, github_url, docs_url, screenshot_url, image_url, pricing_model, tool_type, status, featured, sponsor_tier, created_at, updated_at) VALUES ('phishtank', 'phishtank', 'PhishTank', 'Community phishing URL clearinghouse.', 'Collaborative phishing verification and URL reputation database for checking suspected phishing links.', 'https://phishtank.org/', NULL, NULL, '/tool-screenshots/phishtank.webp', '/tool-images/phishtank.svg', 'free', 'Phishing intelligence', 'published', 0, 'none', datetime('now'), datetime('now')) ON CONFLICT(slug) DO UPDATE SET name=excluded.name, tagline=excluded.tagline, description=excluded.description, website_url=excluded.website_url, github_url=excluded.github_url, docs_url=excluded.docs_url, screenshot_url=excluded.screenshot_url, image_url=excluded.image_url, pricing_model=excluded.pricing_model, tool_type=excluded.tool_type, status=excluded.status, featured=excluded.featured, sponsor_tier=excluded.sponsor_tier, updated_at=datetime('now');
DELETE FROM tool_categories WHERE tool_id = 'phishtank';
INSERT OR IGNORE INTO tool_categories (tool_id, category_id) SELECT 'phishtank', id FROM categories WHERE slug = 'cti';
INSERT OR IGNORE INTO tool_categories (tool_id, category_id) SELECT 'phishtank', id FROM categories WHERE slug = 'osint';
DELETE FROM tool_tags WHERE tool_id = 'phishtank';
INSERT OR IGNORE INTO tags (id, slug, name) VALUES ('phishing', 'phishing', 'phishing');
INSERT OR IGNORE INTO tool_tags (tool_id, tag_id) VALUES ('phishtank', 'phishing');
INSERT OR IGNORE INTO tags (id, slug, name) VALUES ('urls', 'urls', 'urls');
INSERT OR IGNORE INTO tool_tags (tool_id, tag_id) VALUES ('phishtank', 'urls');
INSERT OR IGNORE INTO tags (id, slug, name) VALUES ('community', 'community', 'community');
INSERT OR IGNORE INTO tool_tags (tool_id, tag_id) VALUES ('phishtank', 'community');
INSERT INTO tools (id, slug, name, tagline, description, website_url, github_url, docs_url, screenshot_url, image_url, pricing_model, tool_type, status, featured, sponsor_tier, created_at, updated_at) VALUES ('openphish', 'openphish', 'OpenPhish', 'Phishing intelligence feed.', 'Phishing detection and intelligence service with feeds for phishing URLs and brand abuse monitoring.', 'https://openphish.com/', NULL, NULL, '/tool-screenshots/openphish.webp', '/tool-images/openphish.svg', 'freemium', 'Phishing intelligence', 'published', 0, 'none', datetime('now'), datetime('now')) ON CONFLICT(slug) DO UPDATE SET name=excluded.name, tagline=excluded.tagline, description=excluded.description, website_url=excluded.website_url, github_url=excluded.github_url, docs_url=excluded.docs_url, screenshot_url=excluded.screenshot_url, image_url=excluded.image_url, pricing_model=excluded.pricing_model, tool_type=excluded.tool_type, status=excluded.status, featured=excluded.featured, sponsor_tier=excluded.sponsor_tier, updated_at=datetime('now');
DELETE FROM tool_categories WHERE tool_id = 'openphish';
INSERT OR IGNORE INTO tool_categories (tool_id, category_id) SELECT 'openphish', id FROM categories WHERE slug = 'cti';
INSERT OR IGNORE INTO tool_categories (tool_id, category_id) SELECT 'openphish', id FROM categories WHERE slug = 'osint';
DELETE FROM tool_tags WHERE tool_id = 'openphish';
INSERT OR IGNORE INTO tags (id, slug, name) VALUES ('phishing', 'phishing', 'phishing');
INSERT OR IGNORE INTO tool_tags (tool_id, tag_id) VALUES ('openphish', 'phishing');
INSERT OR IGNORE INTO tags (id, slug, name) VALUES ('brand-abuse', 'brand-abuse', 'brand-abuse');
INSERT OR IGNORE INTO tool_tags (tool_id, tag_id) VALUES ('openphish', 'brand-abuse');
INSERT OR IGNORE INTO tags (id, slug, name) VALUES ('urls', 'urls', 'urls');
INSERT OR IGNORE INTO tool_tags (tool_id, tag_id) VALUES ('openphish', 'urls');
INSERT INTO tools (id, slug, name, tagline, description, website_url, github_url, docs_url, screenshot_url, image_url, pricing_model, tool_type, status, featured, sponsor_tier, created_at, updated_at) VALUES ('pulsedive', 'pulsedive', 'Pulsedive', 'Threat intelligence enrichment and risk scoring.', 'IOC enrichment platform with risk scoring, passive DNS, threat feeds, and community intelligence.', 'https://pulsedive.com/', NULL, NULL, '/tool-screenshots/pulsedive.webp', '/tool-images/pulsedive.svg', 'freemium', 'IOC enrichment', 'published', 0, 'none', datetime('now'), datetime('now')) ON CONFLICT(slug) DO UPDATE SET name=excluded.name, tagline=excluded.tagline, description=excluded.description, website_url=excluded.website_url, github_url=excluded.github_url, docs_url=excluded.docs_url, screenshot_url=excluded.screenshot_url, image_url=excluded.image_url, pricing_model=excluded.pricing_model, tool_type=excluded.tool_type, status=excluded.status, featured=excluded.featured, sponsor_tier=excluded.sponsor_tier, updated_at=datetime('now');
DELETE FROM tool_categories WHERE tool_id = 'pulsedive';
INSERT OR IGNORE INTO tool_categories (tool_id, category_id) SELECT 'pulsedive', id FROM categories WHERE slug = 'cti';
INSERT OR IGNORE INTO tool_categories (tool_id, category_id) SELECT 'pulsedive', id FROM categories WHERE slug = 'osint';
DELETE FROM tool_tags WHERE tool_id = 'pulsedive';
INSERT OR IGNORE INTO tags (id, slug, name) VALUES ('ioc', 'ioc', 'ioc');
INSERT OR IGNORE INTO tool_tags (tool_id, tag_id) VALUES ('pulsedive', 'ioc');
INSERT OR IGNORE INTO tags (id, slug, name) VALUES ('enrichment', 'enrichment', 'enrichment');
INSERT OR IGNORE INTO tool_tags (tool_id, tag_id) VALUES ('pulsedive', 'enrichment');
INSERT OR IGNORE INTO tags (id, slug, name) VALUES ('risk', 'risk', 'risk');
INSERT OR IGNORE INTO tool_tags (tool_id, tag_id) VALUES ('pulsedive', 'risk');
INSERT INTO tools (id, slug, name, tagline, description, website_url, github_url, docs_url, screenshot_url, image_url, pricing_model, tool_type, status, featured, sponsor_tier, created_at, updated_at) VALUES ('intelx', 'intelx', 'Intelligence X', 'Search leaks, domains, and historical records.', 'Search engine for public records, leaks, dark web sources, domains, emails, IPs, and investigative artifacts.', 'https://intelx.io/', NULL, NULL, '/tool-screenshots/intelx.webp', '/tool-images/intelx.svg', 'freemium', 'OSINT search', 'published', 0, 'none', datetime('now'), datetime('now')) ON CONFLICT(slug) DO UPDATE SET name=excluded.name, tagline=excluded.tagline, description=excluded.description, website_url=excluded.website_url, github_url=excluded.github_url, docs_url=excluded.docs_url, screenshot_url=excluded.screenshot_url, image_url=excluded.image_url, pricing_model=excluded.pricing_model, tool_type=excluded.tool_type, status=excluded.status, featured=excluded.featured, sponsor_tier=excluded.sponsor_tier, updated_at=datetime('now');
DELETE FROM tool_categories WHERE tool_id = 'intelx';
INSERT OR IGNORE INTO tool_categories (tool_id, category_id) SELECT 'intelx', id FROM categories WHERE slug = 'osint';
INSERT OR IGNORE INTO tool_categories (tool_id, category_id) SELECT 'intelx', id FROM categories WHERE slug = 'cti';
DELETE FROM tool_tags WHERE tool_id = 'intelx';
INSERT OR IGNORE INTO tags (id, slug, name) VALUES ('leaks', 'leaks', 'leaks');
INSERT OR IGNORE INTO tool_tags (tool_id, tag_id) VALUES ('intelx', 'leaks');
INSERT OR IGNORE INTO tags (id, slug, name) VALUES ('domains', 'domains', 'domains');
INSERT OR IGNORE INTO tool_tags (tool_id, tag_id) VALUES ('intelx', 'domains');
INSERT OR IGNORE INTO tags (id, slug, name) VALUES ('records', 'records', 'records');
INSERT OR IGNORE INTO tool_tags (tool_id, tag_id) VALUES ('intelx', 'records');
INSERT INTO tools (id, slug, name, tagline, description, website_url, github_url, docs_url, screenshot_url, image_url, pricing_model, tool_type, status, featured, sponsor_tier, created_at, updated_at) VALUES ('hunter-io', 'hunter-io', 'Hunter.io', 'Email discovery and verification.', 'Finds and verifies professional email addresses for domain investigations and OSINT workflows.', 'https://hunter.io/', NULL, NULL, '/tool-screenshots/hunter-io.webp', '/tool-images/hunter-io.svg', 'freemium', 'Email OSINT', 'published', 0, 'none', datetime('now'), datetime('now')) ON CONFLICT(slug) DO UPDATE SET name=excluded.name, tagline=excluded.tagline, description=excluded.description, website_url=excluded.website_url, github_url=excluded.github_url, docs_url=excluded.docs_url, screenshot_url=excluded.screenshot_url, image_url=excluded.image_url, pricing_model=excluded.pricing_model, tool_type=excluded.tool_type, status=excluded.status, featured=excluded.featured, sponsor_tier=excluded.sponsor_tier, updated_at=datetime('now');
DELETE FROM tool_categories WHERE tool_id = 'hunter-io';
INSERT OR IGNORE INTO tool_categories (tool_id, category_id) SELECT 'hunter-io', id FROM categories WHERE slug = 'osint';
DELETE FROM tool_tags WHERE tool_id = 'hunter-io';
INSERT OR IGNORE INTO tags (id, slug, name) VALUES ('email', 'email', 'email');
INSERT OR IGNORE INTO tool_tags (tool_id, tag_id) VALUES ('hunter-io', 'email');
INSERT OR IGNORE INTO tags (id, slug, name) VALUES ('osint', 'osint', 'osint');
INSERT OR IGNORE INTO tool_tags (tool_id, tag_id) VALUES ('hunter-io', 'osint');
INSERT OR IGNORE INTO tags (id, slug, name) VALUES ('verification', 'verification', 'verification');
INSERT OR IGNORE INTO tool_tags (tool_id, tag_id) VALUES ('hunter-io', 'verification');
INSERT INTO tools (id, slug, name, tagline, description, website_url, github_url, docs_url, screenshot_url, image_url, pricing_model, tool_type, status, featured, sponsor_tier, created_at, updated_at) VALUES ('securitytrails', 'securitytrails', 'SecurityTrails', 'DNS, WHOIS, and infrastructure history.', 'Historical DNS, WHOIS, subdomain, and internet asset data for infrastructure investigations.', 'https://securitytrails.com/', NULL, NULL, '/tool-screenshots/securitytrails.webp', '/tool-images/securitytrails.svg', 'freemium', 'Infrastructure OSINT', 'published', 0, 'none', datetime('now'), datetime('now')) ON CONFLICT(slug) DO UPDATE SET name=excluded.name, tagline=excluded.tagline, description=excluded.description, website_url=excluded.website_url, github_url=excluded.github_url, docs_url=excluded.docs_url, screenshot_url=excluded.screenshot_url, image_url=excluded.image_url, pricing_model=excluded.pricing_model, tool_type=excluded.tool_type, status=excluded.status, featured=excluded.featured, sponsor_tier=excluded.sponsor_tier, updated_at=datetime('now');
DELETE FROM tool_categories WHERE tool_id = 'securitytrails';
INSERT OR IGNORE INTO tool_categories (tool_id, category_id) SELECT 'securitytrails', id FROM categories WHERE slug = 'osint';
INSERT OR IGNORE INTO tool_categories (tool_id, category_id) SELECT 'securitytrails', id FROM categories WHERE slug = 'cti';
DELETE FROM tool_tags WHERE tool_id = 'securitytrails';
INSERT OR IGNORE INTO tags (id, slug, name) VALUES ('dns', 'dns', 'dns');
INSERT OR IGNORE INTO tool_tags (tool_id, tag_id) VALUES ('securitytrails', 'dns');
INSERT OR IGNORE INTO tags (id, slug, name) VALUES ('whois', 'whois', 'whois');
INSERT OR IGNORE INTO tool_tags (tool_id, tag_id) VALUES ('securitytrails', 'whois');
INSERT OR IGNORE INTO tags (id, slug, name) VALUES ('subdomains', 'subdomains', 'subdomains');
INSERT OR IGNORE INTO tool_tags (tool_id, tag_id) VALUES ('securitytrails', 'subdomains');
INSERT INTO tools (id, slug, name, tagline, description, website_url, github_url, docs_url, screenshot_url, image_url, pricing_model, tool_type, status, featured, sponsor_tier, created_at, updated_at) VALUES ('dnsdumpster', 'dnsdumpster', 'DNSDumpster', 'DNS reconnaissance and subdomain mapping.', 'Free DNS reconnaissance tool for discovering subdomains, DNS records, and related infrastructure.', 'https://dnsdumpster.com/', NULL, NULL, '/tool-screenshots/dnsdumpster.webp', '/tool-images/dnsdumpster.svg', 'free', 'DNS reconnaissance', 'published', 0, 'none', datetime('now'), datetime('now')) ON CONFLICT(slug) DO UPDATE SET name=excluded.name, tagline=excluded.tagline, description=excluded.description, website_url=excluded.website_url, github_url=excluded.github_url, docs_url=excluded.docs_url, screenshot_url=excluded.screenshot_url, image_url=excluded.image_url, pricing_model=excluded.pricing_model, tool_type=excluded.tool_type, status=excluded.status, featured=excluded.featured, sponsor_tier=excluded.sponsor_tier, updated_at=datetime('now');
DELETE FROM tool_categories WHERE tool_id = 'dnsdumpster';
INSERT OR IGNORE INTO tool_categories (tool_id, category_id) SELECT 'dnsdumpster', id FROM categories WHERE slug = 'osint';
DELETE FROM tool_tags WHERE tool_id = 'dnsdumpster';
INSERT OR IGNORE INTO tags (id, slug, name) VALUES ('dns', 'dns', 'dns');
INSERT OR IGNORE INTO tool_tags (tool_id, tag_id) VALUES ('dnsdumpster', 'dns');
INSERT OR IGNORE INTO tags (id, slug, name) VALUES ('subdomains', 'subdomains', 'subdomains');
INSERT OR IGNORE INTO tool_tags (tool_id, tag_id) VALUES ('dnsdumpster', 'subdomains');
INSERT OR IGNORE INTO tags (id, slug, name) VALUES ('recon', 'recon', 'recon');
INSERT OR IGNORE INTO tool_tags (tool_id, tag_id) VALUES ('dnsdumpster', 'recon');
INSERT INTO tools (id, slug, name, tagline, description, website_url, github_url, docs_url, screenshot_url, image_url, pricing_model, tool_type, status, featured, sponsor_tier, created_at, updated_at) VALUES ('crt-sh', 'crt-sh', 'crt.sh', 'Certificate transparency search.', 'Certificate transparency search for finding certificates, domains, and subdomains associated with an organization.', 'https://crt.sh/', NULL, NULL, '/tool-screenshots/crt-sh.webp', '/tool-images/crt-sh.svg', 'free', 'Certificate transparency', 'published', 0, 'none', datetime('now'), datetime('now')) ON CONFLICT(slug) DO UPDATE SET name=excluded.name, tagline=excluded.tagline, description=excluded.description, website_url=excluded.website_url, github_url=excluded.github_url, docs_url=excluded.docs_url, screenshot_url=excluded.screenshot_url, image_url=excluded.image_url, pricing_model=excluded.pricing_model, tool_type=excluded.tool_type, status=excluded.status, featured=excluded.featured, sponsor_tier=excluded.sponsor_tier, updated_at=datetime('now');
DELETE FROM tool_categories WHERE tool_id = 'crt-sh';
INSERT OR IGNORE INTO tool_categories (tool_id, category_id) SELECT 'crt-sh', id FROM categories WHERE slug = 'osint';
DELETE FROM tool_tags WHERE tool_id = 'crt-sh';
INSERT OR IGNORE INTO tags (id, slug, name) VALUES ('certificates', 'certificates', 'certificates');
INSERT OR IGNORE INTO tool_tags (tool_id, tag_id) VALUES ('crt-sh', 'certificates');
INSERT OR IGNORE INTO tags (id, slug, name) VALUES ('subdomains', 'subdomains', 'subdomains');
INSERT OR IGNORE INTO tool_tags (tool_id, tag_id) VALUES ('crt-sh', 'subdomains');
INSERT OR IGNORE INTO tags (id, slug, name) VALUES ('ct', 'ct', 'ct');
INSERT OR IGNORE INTO tool_tags (tool_id, tag_id) VALUES ('crt-sh', 'ct');
INSERT INTO tools (id, slug, name, tagline, description, website_url, github_url, docs_url, screenshot_url, image_url, pricing_model, tool_type, status, featured, sponsor_tier, created_at, updated_at) VALUES ('builtwith', 'builtwith', 'BuiltWith', 'Technology profiler for websites.', 'Identifies web technologies, analytics, hosting, frameworks, and services used by websites.', 'https://builtwith.com/', NULL, NULL, '/tool-screenshots/builtwith.webp', '/tool-images/builtwith.svg', 'freemium', 'Technology profiling', 'published', 0, 'none', datetime('now'), datetime('now')) ON CONFLICT(slug) DO UPDATE SET name=excluded.name, tagline=excluded.tagline, description=excluded.description, website_url=excluded.website_url, github_url=excluded.github_url, docs_url=excluded.docs_url, screenshot_url=excluded.screenshot_url, image_url=excluded.image_url, pricing_model=excluded.pricing_model, tool_type=excluded.tool_type, status=excluded.status, featured=excluded.featured, sponsor_tier=excluded.sponsor_tier, updated_at=datetime('now');
DELETE FROM tool_categories WHERE tool_id = 'builtwith';
INSERT OR IGNORE INTO tool_categories (tool_id, category_id) SELECT 'builtwith', id FROM categories WHERE slug = 'osint';
DELETE FROM tool_tags WHERE tool_id = 'builtwith';
INSERT OR IGNORE INTO tags (id, slug, name) VALUES ('web-tech', 'web-tech', 'web-tech');
INSERT OR IGNORE INTO tool_tags (tool_id, tag_id) VALUES ('builtwith', 'web-tech');
INSERT OR IGNORE INTO tags (id, slug, name) VALUES ('recon', 'recon', 'recon');
INSERT OR IGNORE INTO tool_tags (tool_id, tag_id) VALUES ('builtwith', 'recon');
INSERT OR IGNORE INTO tags (id, slug, name) VALUES ('osint', 'osint', 'osint');
INSERT OR IGNORE INTO tool_tags (tool_id, tag_id) VALUES ('builtwith', 'osint');
INSERT INTO tools (id, slug, name, tagline, description, website_url, github_url, docs_url, screenshot_url, image_url, pricing_model, tool_type, status, featured, sponsor_tier, created_at, updated_at) VALUES ('wappalyzer', 'wappalyzer', 'Wappalyzer', 'Identify technologies on websites.', 'Technology lookup and browser tooling for detecting frameworks, CMS, analytics, ecommerce, and web stacks.', 'https://www.wappalyzer.com/', NULL, NULL, '/tool-screenshots/wappalyzer.webp', '/tool-images/wappalyzer.svg', 'freemium', 'Technology profiling', 'published', 0, 'none', datetime('now'), datetime('now')) ON CONFLICT(slug) DO UPDATE SET name=excluded.name, tagline=excluded.tagline, description=excluded.description, website_url=excluded.website_url, github_url=excluded.github_url, docs_url=excluded.docs_url, screenshot_url=excluded.screenshot_url, image_url=excluded.image_url, pricing_model=excluded.pricing_model, tool_type=excluded.tool_type, status=excluded.status, featured=excluded.featured, sponsor_tier=excluded.sponsor_tier, updated_at=datetime('now');
DELETE FROM tool_categories WHERE tool_id = 'wappalyzer';
INSERT OR IGNORE INTO tool_categories (tool_id, category_id) SELECT 'wappalyzer', id FROM categories WHERE slug = 'osint';
INSERT OR IGNORE INTO tool_categories (tool_id, category_id) SELECT 'wappalyzer', id FROM categories WHERE slug = 'vulnerability-management';
DELETE FROM tool_tags WHERE tool_id = 'wappalyzer';
INSERT OR IGNORE INTO tags (id, slug, name) VALUES ('web-tech', 'web-tech', 'web-tech');
INSERT OR IGNORE INTO tool_tags (tool_id, tag_id) VALUES ('wappalyzer', 'web-tech');
INSERT OR IGNORE INTO tags (id, slug, name) VALUES ('fingerprinting', 'fingerprinting', 'fingerprinting');
INSERT OR IGNORE INTO tool_tags (tool_id, tag_id) VALUES ('wappalyzer', 'fingerprinting');
INSERT OR IGNORE INTO tags (id, slug, name) VALUES ('recon', 'recon', 'recon');
INSERT OR IGNORE INTO tool_tags (tool_id, tag_id) VALUES ('wappalyzer', 'recon');
INSERT INTO tools (id, slug, name, tagline, description, website_url, github_url, docs_url, screenshot_url, image_url, pricing_model, tool_type, status, featured, sponsor_tier, created_at, updated_at) VALUES ('theharvester', 'theharvester', 'theHarvester', 'Collect emails, hosts, and OSINT from public sources.', 'Open-source reconnaissance tool for gathering emails, subdomains, hosts, employee names, and public-source intelligence.', 'https://github.com/laramies/theHarvester', 'https://github.com/laramies/theHarvester', NULL, '/tool-screenshots/theharvester.webp', '/tool-images/theharvester.svg', 'open-source', 'OSINT collector', 'published', 0, 'none', datetime('now'), datetime('now')) ON CONFLICT(slug) DO UPDATE SET name=excluded.name, tagline=excluded.tagline, description=excluded.description, website_url=excluded.website_url, github_url=excluded.github_url, docs_url=excluded.docs_url, screenshot_url=excluded.screenshot_url, image_url=excluded.image_url, pricing_model=excluded.pricing_model, tool_type=excluded.tool_type, status=excluded.status, featured=excluded.featured, sponsor_tier=excluded.sponsor_tier, updated_at=datetime('now');
DELETE FROM tool_categories WHERE tool_id = 'theharvester';
INSERT OR IGNORE INTO tool_categories (tool_id, category_id) SELECT 'theharvester', id FROM categories WHERE slug = 'osint';
DELETE FROM tool_tags WHERE tool_id = 'theharvester';
INSERT OR IGNORE INTO tags (id, slug, name) VALUES ('email', 'email', 'email');
INSERT OR IGNORE INTO tool_tags (tool_id, tag_id) VALUES ('theharvester', 'email');
INSERT OR IGNORE INTO tags (id, slug, name) VALUES ('subdomains', 'subdomains', 'subdomains');
INSERT OR IGNORE INTO tool_tags (tool_id, tag_id) VALUES ('theharvester', 'subdomains');
INSERT OR IGNORE INTO tags (id, slug, name) VALUES ('recon', 'recon', 'recon');
INSERT OR IGNORE INTO tool_tags (tool_id, tag_id) VALUES ('theharvester', 'recon');
INSERT INTO tools (id, slug, name, tagline, description, website_url, github_url, docs_url, screenshot_url, image_url, pricing_model, tool_type, status, featured, sponsor_tier, created_at, updated_at) VALUES ('maltego', 'maltego', 'Maltego', 'Link analysis for investigations.', 'Graph-based investigation platform for pivoting across entities, infrastructure, identities, and external data transforms.', 'https://www.maltego.com/', NULL, NULL, '/tool-screenshots/maltego.webp', '/tool-images/maltego.svg', 'freemium', 'Link analysis', 'published', 0, 'none', datetime('now'), datetime('now')) ON CONFLICT(slug) DO UPDATE SET name=excluded.name, tagline=excluded.tagline, description=excluded.description, website_url=excluded.website_url, github_url=excluded.github_url, docs_url=excluded.docs_url, screenshot_url=excluded.screenshot_url, image_url=excluded.image_url, pricing_model=excluded.pricing_model, tool_type=excluded.tool_type, status=excluded.status, featured=excluded.featured, sponsor_tier=excluded.sponsor_tier, updated_at=datetime('now');
DELETE FROM tool_categories WHERE tool_id = 'maltego';
INSERT OR IGNORE INTO tool_categories (tool_id, category_id) SELECT 'maltego', id FROM categories WHERE slug = 'osint';
INSERT OR IGNORE INTO tool_categories (tool_id, category_id) SELECT 'maltego', id FROM categories WHERE slug = 'cti';
DELETE FROM tool_tags WHERE tool_id = 'maltego';
INSERT OR IGNORE INTO tags (id, slug, name) VALUES ('graph', 'graph', 'graph');
INSERT OR IGNORE INTO tool_tags (tool_id, tag_id) VALUES ('maltego', 'graph');
INSERT OR IGNORE INTO tags (id, slug, name) VALUES ('pivoting', 'pivoting', 'pivoting');
INSERT OR IGNORE INTO tool_tags (tool_id, tag_id) VALUES ('maltego', 'pivoting');
INSERT OR IGNORE INTO tags (id, slug, name) VALUES ('osint', 'osint', 'osint');
INSERT OR IGNORE INTO tool_tags (tool_id, tag_id) VALUES ('maltego', 'osint');
INSERT INTO tools (id, slug, name, tagline, description, website_url, github_url, docs_url, screenshot_url, image_url, pricing_model, tool_type, status, featured, sponsor_tier, created_at, updated_at) VALUES ('spiderfoot', 'spiderfoot', 'SpiderFoot', 'Automated OSINT collection.', 'Open-source OSINT automation tool for collecting and correlating indicators across many modules and data sources.', 'https://www.spiderfoot.net/', NULL, NULL, '/tool-screenshots/spiderfoot.webp', '/tool-images/spiderfoot.svg', 'open-source', 'OSINT automation', 'published', 0, 'none', datetime('now'), datetime('now')) ON CONFLICT(slug) DO UPDATE SET name=excluded.name, tagline=excluded.tagline, description=excluded.description, website_url=excluded.website_url, github_url=excluded.github_url, docs_url=excluded.docs_url, screenshot_url=excluded.screenshot_url, image_url=excluded.image_url, pricing_model=excluded.pricing_model, tool_type=excluded.tool_type, status=excluded.status, featured=excluded.featured, sponsor_tier=excluded.sponsor_tier, updated_at=datetime('now');
DELETE FROM tool_categories WHERE tool_id = 'spiderfoot';
INSERT OR IGNORE INTO tool_categories (tool_id, category_id) SELECT 'spiderfoot', id FROM categories WHERE slug = 'osint';
DELETE FROM tool_tags WHERE tool_id = 'spiderfoot';
INSERT OR IGNORE INTO tags (id, slug, name) VALUES ('automation', 'automation', 'automation');
INSERT OR IGNORE INTO tool_tags (tool_id, tag_id) VALUES ('spiderfoot', 'automation');
INSERT OR IGNORE INTO tags (id, slug, name) VALUES ('recon', 'recon', 'recon');
INSERT OR IGNORE INTO tool_tags (tool_id, tag_id) VALUES ('spiderfoot', 'recon');
INSERT OR IGNORE INTO tags (id, slug, name) VALUES ('osint', 'osint', 'osint');
INSERT OR IGNORE INTO tool_tags (tool_id, tag_id) VALUES ('spiderfoot', 'osint');
INSERT INTO tools (id, slug, name, tagline, description, website_url, github_url, docs_url, screenshot_url, image_url, pricing_model, tool_type, status, featured, sponsor_tier, created_at, updated_at) VALUES ('amass', 'amass', 'OWASP Amass', 'Attack surface and DNS enumeration.', 'Open-source tool for in-depth DNS enumeration, subdomain discovery, and external attack surface mapping.', 'https://owasp.org/www-project-amass/', NULL, NULL, '/tool-screenshots/amass.webp', '/tool-images/amass.svg', 'open-source', 'Attack surface discovery', 'published', 0, 'none', datetime('now'), datetime('now')) ON CONFLICT(slug) DO UPDATE SET name=excluded.name, tagline=excluded.tagline, description=excluded.description, website_url=excluded.website_url, github_url=excluded.github_url, docs_url=excluded.docs_url, screenshot_url=excluded.screenshot_url, image_url=excluded.image_url, pricing_model=excluded.pricing_model, tool_type=excluded.tool_type, status=excluded.status, featured=excluded.featured, sponsor_tier=excluded.sponsor_tier, updated_at=datetime('now');
DELETE FROM tool_categories WHERE tool_id = 'amass';
INSERT OR IGNORE INTO tool_categories (tool_id, category_id) SELECT 'amass', id FROM categories WHERE slug = 'osint';
INSERT OR IGNORE INTO tool_categories (tool_id, category_id) SELECT 'amass', id FROM categories WHERE slug = 'vulnerability-management';
DELETE FROM tool_tags WHERE tool_id = 'amass';
INSERT OR IGNORE INTO tags (id, slug, name) VALUES ('dns', 'dns', 'dns');
INSERT OR IGNORE INTO tool_tags (tool_id, tag_id) VALUES ('amass', 'dns');
INSERT OR IGNORE INTO tags (id, slug, name) VALUES ('subdomains', 'subdomains', 'subdomains');
INSERT OR IGNORE INTO tool_tags (tool_id, tag_id) VALUES ('amass', 'subdomains');
INSERT OR IGNORE INTO tags (id, slug, name) VALUES ('attack-surface', 'attack-surface', 'attack-surface');
INSERT OR IGNORE INTO tool_tags (tool_id, tag_id) VALUES ('amass', 'attack-surface');
INSERT INTO tools (id, slug, name, tagline, description, website_url, github_url, docs_url, screenshot_url, image_url, pricing_model, tool_type, status, featured, sponsor_tier, created_at, updated_at) VALUES ('nuclei', 'nuclei', 'Nuclei', 'Fast template-based vulnerability scanning.', 'Open-source scanner using YAML templates for vulnerabilities, misconfigurations, exposures, and security checks.', 'https://nuclei.projectdiscovery.io/', NULL, NULL, '/tool-screenshots/nuclei.webp', '/tool-images/nuclei.svg', 'open-source', 'Vulnerability scanner', 'published', 1, 'none', datetime('now'), datetime('now')) ON CONFLICT(slug) DO UPDATE SET name=excluded.name, tagline=excluded.tagline, description=excluded.description, website_url=excluded.website_url, github_url=excluded.github_url, docs_url=excluded.docs_url, screenshot_url=excluded.screenshot_url, image_url=excluded.image_url, pricing_model=excluded.pricing_model, tool_type=excluded.tool_type, status=excluded.status, featured=excluded.featured, sponsor_tier=excluded.sponsor_tier, updated_at=datetime('now');
DELETE FROM tool_categories WHERE tool_id = 'nuclei';
INSERT OR IGNORE INTO tool_categories (tool_id, category_id) SELECT 'nuclei', id FROM categories WHERE slug = 'vulnerability-management';
INSERT OR IGNORE INTO tool_categories (tool_id, category_id) SELECT 'nuclei', id FROM categories WHERE slug = 'detection-engineering';
DELETE FROM tool_tags WHERE tool_id = 'nuclei';
INSERT OR IGNORE INTO tags (id, slug, name) VALUES ('templates', 'templates', 'templates');
INSERT OR IGNORE INTO tool_tags (tool_id, tag_id) VALUES ('nuclei', 'templates');
INSERT OR IGNORE INTO tags (id, slug, name) VALUES ('scanner', 'scanner', 'scanner');
INSERT OR IGNORE INTO tool_tags (tool_id, tag_id) VALUES ('nuclei', 'scanner');
INSERT OR IGNORE INTO tags (id, slug, name) VALUES ('exposure', 'exposure', 'exposure');
INSERT OR IGNORE INTO tool_tags (tool_id, tag_id) VALUES ('nuclei', 'exposure');
INSERT INTO tools (id, slug, name, tagline, description, website_url, github_url, docs_url, screenshot_url, image_url, pricing_model, tool_type, status, featured, sponsor_tier, created_at, updated_at) VALUES ('httpx', 'httpx', 'httpx', 'Fast HTTP probing toolkit.', 'ProjectDiscovery tool for probing web services, status codes, titles, technologies, redirects, and response metadata.', 'https://github.com/projectdiscovery/httpx', 'https://github.com/projectdiscovery/httpx', NULL, '/tool-screenshots/httpx.webp', '/tool-images/httpx.svg', 'open-source', 'HTTP probing', 'published', 0, 'none', datetime('now'), datetime('now')) ON CONFLICT(slug) DO UPDATE SET name=excluded.name, tagline=excluded.tagline, description=excluded.description, website_url=excluded.website_url, github_url=excluded.github_url, docs_url=excluded.docs_url, screenshot_url=excluded.screenshot_url, image_url=excluded.image_url, pricing_model=excluded.pricing_model, tool_type=excluded.tool_type, status=excluded.status, featured=excluded.featured, sponsor_tier=excluded.sponsor_tier, updated_at=datetime('now');
DELETE FROM tool_categories WHERE tool_id = 'httpx';
INSERT OR IGNORE INTO tool_categories (tool_id, category_id) SELECT 'httpx', id FROM categories WHERE slug = 'osint';
INSERT OR IGNORE INTO tool_categories (tool_id, category_id) SELECT 'httpx', id FROM categories WHERE slug = 'vulnerability-management';
DELETE FROM tool_tags WHERE tool_id = 'httpx';
INSERT OR IGNORE INTO tags (id, slug, name) VALUES ('http', 'http', 'http');
INSERT OR IGNORE INTO tool_tags (tool_id, tag_id) VALUES ('httpx', 'http');
INSERT OR IGNORE INTO tags (id, slug, name) VALUES ('recon', 'recon', 'recon');
INSERT OR IGNORE INTO tool_tags (tool_id, tag_id) VALUES ('httpx', 'recon');
INSERT OR IGNORE INTO tags (id, slug, name) VALUES ('probing', 'probing', 'probing');
INSERT OR IGNORE INTO tool_tags (tool_id, tag_id) VALUES ('httpx', 'probing');
INSERT INTO tools (id, slug, name, tagline, description, website_url, github_url, docs_url, screenshot_url, image_url, pricing_model, tool_type, status, featured, sponsor_tier, created_at, updated_at) VALUES ('naabu', 'naabu', 'Naabu', 'Fast port scanner.', 'ProjectDiscovery port scanner focused on fast host/port discovery during reconnaissance and attack surface workflows.', 'https://github.com/projectdiscovery/naabu', 'https://github.com/projectdiscovery/naabu', NULL, '/tool-screenshots/naabu.webp', '/tool-images/naabu.svg', 'open-source', 'Port scanner', 'published', 0, 'none', datetime('now'), datetime('now')) ON CONFLICT(slug) DO UPDATE SET name=excluded.name, tagline=excluded.tagline, description=excluded.description, website_url=excluded.website_url, github_url=excluded.github_url, docs_url=excluded.docs_url, screenshot_url=excluded.screenshot_url, image_url=excluded.image_url, pricing_model=excluded.pricing_model, tool_type=excluded.tool_type, status=excluded.status, featured=excluded.featured, sponsor_tier=excluded.sponsor_tier, updated_at=datetime('now');
DELETE FROM tool_categories WHERE tool_id = 'naabu';
INSERT OR IGNORE INTO tool_categories (tool_id, category_id) SELECT 'naabu', id FROM categories WHERE slug = 'osint';
INSERT OR IGNORE INTO tool_categories (tool_id, category_id) SELECT 'naabu', id FROM categories WHERE slug = 'vulnerability-management';
DELETE FROM tool_tags WHERE tool_id = 'naabu';
INSERT OR IGNORE INTO tags (id, slug, name) VALUES ('ports', 'ports', 'ports');
INSERT OR IGNORE INTO tool_tags (tool_id, tag_id) VALUES ('naabu', 'ports');
INSERT OR IGNORE INTO tags (id, slug, name) VALUES ('recon', 'recon', 'recon');
INSERT OR IGNORE INTO tool_tags (tool_id, tag_id) VALUES ('naabu', 'recon');
INSERT OR IGNORE INTO tags (id, slug, name) VALUES ('scanner', 'scanner', 'scanner');
INSERT OR IGNORE INTO tool_tags (tool_id, tag_id) VALUES ('naabu', 'scanner');
INSERT INTO tools (id, slug, name, tagline, description, website_url, github_url, docs_url, screenshot_url, image_url, pricing_model, tool_type, status, featured, sponsor_tier, created_at, updated_at) VALUES ('subfinder', 'subfinder', 'Subfinder', 'Passive subdomain discovery.', 'Fast passive subdomain discovery tool using many public sources for reconnaissance and asset discovery.', 'https://github.com/projectdiscovery/subfinder', 'https://github.com/projectdiscovery/subfinder', NULL, '/tool-screenshots/subfinder.webp', '/tool-images/subfinder.svg', 'open-source', 'Subdomain discovery', 'published', 0, 'none', datetime('now'), datetime('now')) ON CONFLICT(slug) DO UPDATE SET name=excluded.name, tagline=excluded.tagline, description=excluded.description, website_url=excluded.website_url, github_url=excluded.github_url, docs_url=excluded.docs_url, screenshot_url=excluded.screenshot_url, image_url=excluded.image_url, pricing_model=excluded.pricing_model, tool_type=excluded.tool_type, status=excluded.status, featured=excluded.featured, sponsor_tier=excluded.sponsor_tier, updated_at=datetime('now');
DELETE FROM tool_categories WHERE tool_id = 'subfinder';
INSERT OR IGNORE INTO tool_categories (tool_id, category_id) SELECT 'subfinder', id FROM categories WHERE slug = 'osint';
INSERT OR IGNORE INTO tool_categories (tool_id, category_id) SELECT 'subfinder', id FROM categories WHERE slug = 'vulnerability-management';
DELETE FROM tool_tags WHERE tool_id = 'subfinder';
INSERT OR IGNORE INTO tags (id, slug, name) VALUES ('subdomains', 'subdomains', 'subdomains');
INSERT OR IGNORE INTO tool_tags (tool_id, tag_id) VALUES ('subfinder', 'subdomains');
INSERT OR IGNORE INTO tags (id, slug, name) VALUES ('dns', 'dns', 'dns');
INSERT OR IGNORE INTO tool_tags (tool_id, tag_id) VALUES ('subfinder', 'dns');
INSERT OR IGNORE INTO tags (id, slug, name) VALUES ('recon', 'recon', 'recon');
INSERT OR IGNORE INTO tool_tags (tool_id, tag_id) VALUES ('subfinder', 'recon');
INSERT INTO tools (id, slug, name, tagline, description, website_url, github_url, docs_url, screenshot_url, image_url, pricing_model, tool_type, status, featured, sponsor_tier, created_at, updated_at) VALUES ('zap', 'zap', 'OWASP ZAP', 'Web application security testing proxy.', 'Open-source web security testing tool for intercepting, scanning, and analyzing web application security issues.', 'https://www.zaproxy.org/', NULL, NULL, '/tool-screenshots/zap.webp', '/tool-images/zap.svg', 'open-source', 'Web security testing', 'published', 1, 'none', datetime('now'), datetime('now')) ON CONFLICT(slug) DO UPDATE SET name=excluded.name, tagline=excluded.tagline, description=excluded.description, website_url=excluded.website_url, github_url=excluded.github_url, docs_url=excluded.docs_url, screenshot_url=excluded.screenshot_url, image_url=excluded.image_url, pricing_model=excluded.pricing_model, tool_type=excluded.tool_type, status=excluded.status, featured=excluded.featured, sponsor_tier=excluded.sponsor_tier, updated_at=datetime('now');
DELETE FROM tool_categories WHERE tool_id = 'zap';
INSERT OR IGNORE INTO tool_categories (tool_id, category_id) SELECT 'zap', id FROM categories WHERE slug = 'vulnerability-management';
DELETE FROM tool_tags WHERE tool_id = 'zap';
INSERT OR IGNORE INTO tags (id, slug, name) VALUES ('web', 'web', 'web');
INSERT OR IGNORE INTO tool_tags (tool_id, tag_id) VALUES ('zap', 'web');
INSERT OR IGNORE INTO tags (id, slug, name) VALUES ('proxy', 'proxy', 'proxy');
INSERT OR IGNORE INTO tool_tags (tool_id, tag_id) VALUES ('zap', 'proxy');
INSERT OR IGNORE INTO tags (id, slug, name) VALUES ('scanner', 'scanner', 'scanner');
INSERT OR IGNORE INTO tool_tags (tool_id, tag_id) VALUES ('zap', 'scanner');
INSERT INTO tools (id, slug, name, tagline, description, website_url, github_url, docs_url, screenshot_url, image_url, pricing_model, tool_type, status, featured, sponsor_tier, created_at, updated_at) VALUES ('burp-suite', 'burp-suite', 'Burp Suite', 'Web security testing platform.', 'Interactive web application testing platform with proxying, scanning, repeater, intruder, and extension workflows.', 'https://portswigger.net/burp', NULL, NULL, '/tool-screenshots/burp-suite.webp', '/tool-images/burp-suite.svg', 'freemium', 'Web security testing', 'published', 1, 'none', datetime('now'), datetime('now')) ON CONFLICT(slug) DO UPDATE SET name=excluded.name, tagline=excluded.tagline, description=excluded.description, website_url=excluded.website_url, github_url=excluded.github_url, docs_url=excluded.docs_url, screenshot_url=excluded.screenshot_url, image_url=excluded.image_url, pricing_model=excluded.pricing_model, tool_type=excluded.tool_type, status=excluded.status, featured=excluded.featured, sponsor_tier=excluded.sponsor_tier, updated_at=datetime('now');
DELETE FROM tool_categories WHERE tool_id = 'burp-suite';
INSERT OR IGNORE INTO tool_categories (tool_id, category_id) SELECT 'burp-suite', id FROM categories WHERE slug = 'vulnerability-management';
DELETE FROM tool_tags WHERE tool_id = 'burp-suite';
INSERT OR IGNORE INTO tags (id, slug, name) VALUES ('web', 'web', 'web');
INSERT OR IGNORE INTO tool_tags (tool_id, tag_id) VALUES ('burp-suite', 'web');
INSERT OR IGNORE INTO tags (id, slug, name) VALUES ('proxy', 'proxy', 'proxy');
INSERT OR IGNORE INTO tool_tags (tool_id, tag_id) VALUES ('burp-suite', 'proxy');
INSERT OR IGNORE INTO tags (id, slug, name) VALUES ('scanner', 'scanner', 'scanner');
INSERT OR IGNORE INTO tool_tags (tool_id, tag_id) VALUES ('burp-suite', 'scanner');
INSERT INTO tools (id, slug, name, tagline, description, website_url, github_url, docs_url, screenshot_url, image_url, pricing_model, tool_type, status, featured, sponsor_tier, created_at, updated_at) VALUES ('metasploit', 'metasploit', 'Metasploit Framework', 'Exploit development and validation framework.', 'Widely used exploitation framework for validating vulnerabilities, developing modules, and security testing in controlled environments.', 'https://www.metasploit.com/', NULL, NULL, '/tool-screenshots/metasploit.webp', '/tool-images/metasploit.svg', 'open-source', 'Exploit framework', 'published', 0, 'none', datetime('now'), datetime('now')) ON CONFLICT(slug) DO UPDATE SET name=excluded.name, tagline=excluded.tagline, description=excluded.description, website_url=excluded.website_url, github_url=excluded.github_url, docs_url=excluded.docs_url, screenshot_url=excluded.screenshot_url, image_url=excluded.image_url, pricing_model=excluded.pricing_model, tool_type=excluded.tool_type, status=excluded.status, featured=excluded.featured, sponsor_tier=excluded.sponsor_tier, updated_at=datetime('now');
DELETE FROM tool_categories WHERE tool_id = 'metasploit';
INSERT OR IGNORE INTO tool_categories (tool_id, category_id) SELECT 'metasploit', id FROM categories WHERE slug = 'vulnerability-management';
DELETE FROM tool_tags WHERE tool_id = 'metasploit';
INSERT OR IGNORE INTO tags (id, slug, name) VALUES ('exploitation', 'exploitation', 'exploitation');
INSERT OR IGNORE INTO tool_tags (tool_id, tag_id) VALUES ('metasploit', 'exploitation');
INSERT OR IGNORE INTO tags (id, slug, name) VALUES ('validation', 'validation', 'validation');
INSERT OR IGNORE INTO tool_tags (tool_id, tag_id) VALUES ('metasploit', 'validation');
INSERT OR IGNORE INTO tags (id, slug, name) VALUES ('modules', 'modules', 'modules');
INSERT OR IGNORE INTO tool_tags (tool_id, tag_id) VALUES ('metasploit', 'modules');
INSERT INTO tools (id, slug, name, tagline, description, website_url, github_url, docs_url, screenshot_url, image_url, pricing_model, tool_type, status, featured, sponsor_tier, created_at, updated_at) VALUES ('cisa-kev', 'cisa-kev', 'CISA KEV Catalog', 'Known exploited vulnerabilities list.', 'Authoritative catalog of vulnerabilities known to be exploited in the wild. Useful as a prioritization signal for vulnerability response.', 'https://www.cisa.gov/known-exploited-vulnerabilities-catalog', NULL, NULL, '/tool-screenshots/cisa-kev.webp', '/tool-images/cisa-kev.svg', 'free', 'Vulnerability intelligence', 'published', 1, 'none', datetime('now'), datetime('now')) ON CONFLICT(slug) DO UPDATE SET name=excluded.name, tagline=excluded.tagline, description=excluded.description, website_url=excluded.website_url, github_url=excluded.github_url, docs_url=excluded.docs_url, screenshot_url=excluded.screenshot_url, image_url=excluded.image_url, pricing_model=excluded.pricing_model, tool_type=excluded.tool_type, status=excluded.status, featured=excluded.featured, sponsor_tier=excluded.sponsor_tier, updated_at=datetime('now');
DELETE FROM tool_categories WHERE tool_id = 'cisa-kev';
INSERT OR IGNORE INTO tool_categories (tool_id, category_id) SELECT 'cisa-kev', id FROM categories WHERE slug = 'vulnerability-management';
INSERT OR IGNORE INTO tool_categories (tool_id, category_id) SELECT 'cisa-kev', id FROM categories WHERE slug = 'cti';
DELETE FROM tool_tags WHERE tool_id = 'cisa-kev';
INSERT OR IGNORE INTO tags (id, slug, name) VALUES ('kev', 'kev', 'kev');
INSERT OR IGNORE INTO tool_tags (tool_id, tag_id) VALUES ('cisa-kev', 'kev');
INSERT OR IGNORE INTO tags (id, slug, name) VALUES ('cve', 'cve', 'cve');
INSERT OR IGNORE INTO tool_tags (tool_id, tag_id) VALUES ('cisa-kev', 'cve');
INSERT OR IGNORE INTO tags (id, slug, name) VALUES ('prioritization', 'prioritization', 'prioritization');
INSERT OR IGNORE INTO tool_tags (tool_id, tag_id) VALUES ('cisa-kev', 'prioritization');
INSERT INTO tools (id, slug, name, tagline, description, website_url, github_url, docs_url, screenshot_url, image_url, pricing_model, tool_type, status, featured, sponsor_tier, created_at, updated_at) VALUES ('epss', 'epss', 'FIRST EPSS', 'Exploit prediction scoring.', 'Probability-style scoring system estimating how likely a vulnerability is to be exploited in the wild.', 'https://www.first.org/epss/', NULL, NULL, '/tool-screenshots/epss.webp', '/tool-images/epss.svg', 'free', 'Exploit prediction', 'published', 0, 'none', datetime('now'), datetime('now')) ON CONFLICT(slug) DO UPDATE SET name=excluded.name, tagline=excluded.tagline, description=excluded.description, website_url=excluded.website_url, github_url=excluded.github_url, docs_url=excluded.docs_url, screenshot_url=excluded.screenshot_url, image_url=excluded.image_url, pricing_model=excluded.pricing_model, tool_type=excluded.tool_type, status=excluded.status, featured=excluded.featured, sponsor_tier=excluded.sponsor_tier, updated_at=datetime('now');
DELETE FROM tool_categories WHERE tool_id = 'epss';
INSERT OR IGNORE INTO tool_categories (tool_id, category_id) SELECT 'epss', id FROM categories WHERE slug = 'vulnerability-management';
INSERT OR IGNORE INTO tool_categories (tool_id, category_id) SELECT 'epss', id FROM categories WHERE slug = 'cti';
DELETE FROM tool_tags WHERE tool_id = 'epss';
INSERT OR IGNORE INTO tags (id, slug, name) VALUES ('epss', 'epss', 'epss');
INSERT OR IGNORE INTO tool_tags (tool_id, tag_id) VALUES ('epss', 'epss');
INSERT OR IGNORE INTO tags (id, slug, name) VALUES ('cve', 'cve', 'cve');
INSERT OR IGNORE INTO tool_tags (tool_id, tag_id) VALUES ('epss', 'cve');
INSERT OR IGNORE INTO tags (id, slug, name) VALUES ('prioritization', 'prioritization', 'prioritization');
INSERT OR IGNORE INTO tool_tags (tool_id, tag_id) VALUES ('epss', 'prioritization');
INSERT INTO tools (id, slug, name, tagline, description, website_url, github_url, docs_url, screenshot_url, image_url, pricing_model, tool_type, status, featured, sponsor_tier, created_at, updated_at) VALUES ('vulners', 'vulners', 'Vulners', 'Vulnerability intelligence search.', 'Search and API platform for CVEs, exploits, advisories, software vulnerabilities, and vulnerability intelligence enrichment.', 'https://vulners.com/', NULL, NULL, '/tool-screenshots/vulners.webp', '/tool-images/vulners.svg', 'freemium', 'Vulnerability intelligence', 'published', 0, 'none', datetime('now'), datetime('now')) ON CONFLICT(slug) DO UPDATE SET name=excluded.name, tagline=excluded.tagline, description=excluded.description, website_url=excluded.website_url, github_url=excluded.github_url, docs_url=excluded.docs_url, screenshot_url=excluded.screenshot_url, image_url=excluded.image_url, pricing_model=excluded.pricing_model, tool_type=excluded.tool_type, status=excluded.status, featured=excluded.featured, sponsor_tier=excluded.sponsor_tier, updated_at=datetime('now');
DELETE FROM tool_categories WHERE tool_id = 'vulners';
INSERT OR IGNORE INTO tool_categories (tool_id, category_id) SELECT 'vulners', id FROM categories WHERE slug = 'vulnerability-management';
INSERT OR IGNORE INTO tool_categories (tool_id, category_id) SELECT 'vulners', id FROM categories WHERE slug = 'cti';
DELETE FROM tool_tags WHERE tool_id = 'vulners';
INSERT OR IGNORE INTO tags (id, slug, name) VALUES ('cve', 'cve', 'cve');
INSERT OR IGNORE INTO tool_tags (tool_id, tag_id) VALUES ('vulners', 'cve');
INSERT OR IGNORE INTO tags (id, slug, name) VALUES ('exploits', 'exploits', 'exploits');
INSERT OR IGNORE INTO tool_tags (tool_id, tag_id) VALUES ('vulners', 'exploits');
INSERT OR IGNORE INTO tags (id, slug, name) VALUES ('advisories', 'advisories', 'advisories');
INSERT OR IGNORE INTO tool_tags (tool_id, tag_id) VALUES ('vulners', 'advisories');
INSERT INTO tools (id, slug, name, tagline, description, website_url, github_url, docs_url, screenshot_url, image_url, pricing_model, tool_type, status, featured, sponsor_tier, created_at, updated_at) VALUES ('osv', 'osv', 'OSV', 'Open source vulnerability database.', 'Distributed vulnerability database and API for open-source package ecosystems and dependency security workflows.', 'https://osv.dev/', NULL, NULL, '/tool-screenshots/osv.webp', '/tool-images/osv.svg', 'free', 'Open-source vuln database', 'published', 0, 'none', datetime('now'), datetime('now')) ON CONFLICT(slug) DO UPDATE SET name=excluded.name, tagline=excluded.tagline, description=excluded.description, website_url=excluded.website_url, github_url=excluded.github_url, docs_url=excluded.docs_url, screenshot_url=excluded.screenshot_url, image_url=excluded.image_url, pricing_model=excluded.pricing_model, tool_type=excluded.tool_type, status=excluded.status, featured=excluded.featured, sponsor_tier=excluded.sponsor_tier, updated_at=datetime('now');
DELETE FROM tool_categories WHERE tool_id = 'osv';
INSERT OR IGNORE INTO tool_categories (tool_id, category_id) SELECT 'osv', id FROM categories WHERE slug = 'vulnerability-management';
DELETE FROM tool_tags WHERE tool_id = 'osv';
INSERT OR IGNORE INTO tags (id, slug, name) VALUES ('dependencies', 'dependencies', 'dependencies');
INSERT OR IGNORE INTO tool_tags (tool_id, tag_id) VALUES ('osv', 'dependencies');
INSERT OR IGNORE INTO tags (id, slug, name) VALUES ('open-source', 'open-source', 'open-source');
INSERT OR IGNORE INTO tool_tags (tool_id, tag_id) VALUES ('osv', 'open-source');
INSERT OR IGNORE INTO tags (id, slug, name) VALUES ('cve', 'cve', 'cve');
INSERT OR IGNORE INTO tool_tags (tool_id, tag_id) VALUES ('osv', 'cve');
INSERT INTO tools (id, slug, name, tagline, description, website_url, github_url, docs_url, screenshot_url, image_url, pricing_model, tool_type, status, featured, sponsor_tier, created_at, updated_at) VALUES ('trivy', 'trivy', 'Trivy', 'Container, filesystem, and IaC scanner.', 'Open-source scanner for vulnerabilities, misconfigurations, secrets, SBOMs, containers, Kubernetes, and infrastructure-as-code.', 'https://trivy.dev/', NULL, NULL, '/tool-screenshots/trivy.webp', '/tool-images/trivy.svg', 'open-source', 'Cloud/container scanner', 'published', 1, 'none', datetime('now'), datetime('now')) ON CONFLICT(slug) DO UPDATE SET name=excluded.name, tagline=excluded.tagline, description=excluded.description, website_url=excluded.website_url, github_url=excluded.github_url, docs_url=excluded.docs_url, screenshot_url=excluded.screenshot_url, image_url=excluded.image_url, pricing_model=excluded.pricing_model, tool_type=excluded.tool_type, status=excluded.status, featured=excluded.featured, sponsor_tier=excluded.sponsor_tier, updated_at=datetime('now');
DELETE FROM tool_categories WHERE tool_id = 'trivy';
INSERT OR IGNORE INTO tool_categories (tool_id, category_id) SELECT 'trivy', id FROM categories WHERE slug = 'vulnerability-management';
DELETE FROM tool_tags WHERE tool_id = 'trivy';
INSERT OR IGNORE INTO tags (id, slug, name) VALUES ('containers', 'containers', 'containers');
INSERT OR IGNORE INTO tool_tags (tool_id, tag_id) VALUES ('trivy', 'containers');
INSERT OR IGNORE INTO tags (id, slug, name) VALUES ('iac', 'iac', 'iac');
INSERT OR IGNORE INTO tool_tags (tool_id, tag_id) VALUES ('trivy', 'iac');
INSERT OR IGNORE INTO tags (id, slug, name) VALUES ('sbom', 'sbom', 'sbom');
INSERT OR IGNORE INTO tool_tags (tool_id, tag_id) VALUES ('trivy', 'sbom');
INSERT INTO tools (id, slug, name, tagline, description, website_url, github_url, docs_url, screenshot_url, image_url, pricing_model, tool_type, status, featured, sponsor_tier, created_at, updated_at) VALUES ('grype', 'grype', 'Grype', 'Container and filesystem vulnerability scanner.', 'Open-source vulnerability scanner for container images and filesystems, often paired with Syft for SBOM workflows.', 'https://github.com/anchore/grype', 'https://github.com/anchore/grype', NULL, '/tool-screenshots/grype.webp', '/tool-images/grype.svg', 'open-source', 'Vulnerability scanner', 'published', 0, 'none', datetime('now'), datetime('now')) ON CONFLICT(slug) DO UPDATE SET name=excluded.name, tagline=excluded.tagline, description=excluded.description, website_url=excluded.website_url, github_url=excluded.github_url, docs_url=excluded.docs_url, screenshot_url=excluded.screenshot_url, image_url=excluded.image_url, pricing_model=excluded.pricing_model, tool_type=excluded.tool_type, status=excluded.status, featured=excluded.featured, sponsor_tier=excluded.sponsor_tier, updated_at=datetime('now');
DELETE FROM tool_categories WHERE tool_id = 'grype';
INSERT OR IGNORE INTO tool_categories (tool_id, category_id) SELECT 'grype', id FROM categories WHERE slug = 'vulnerability-management';
DELETE FROM tool_tags WHERE tool_id = 'grype';
INSERT OR IGNORE INTO tags (id, slug, name) VALUES ('containers', 'containers', 'containers');
INSERT OR IGNORE INTO tool_tags (tool_id, tag_id) VALUES ('grype', 'containers');
INSERT OR IGNORE INTO tags (id, slug, name) VALUES ('sbom', 'sbom', 'sbom');
INSERT OR IGNORE INTO tool_tags (tool_id, tag_id) VALUES ('grype', 'sbom');
INSERT OR IGNORE INTO tags (id, slug, name) VALUES ('scanner', 'scanner', 'scanner');
INSERT OR IGNORE INTO tool_tags (tool_id, tag_id) VALUES ('grype', 'scanner');
INSERT INTO tools (id, slug, name, tagline, description, website_url, github_url, docs_url, screenshot_url, image_url, pricing_model, tool_type, status, featured, sponsor_tier, created_at, updated_at) VALUES ('syft', 'syft', 'Syft', 'SBOM generator.', 'Open-source tool for generating software bills of materials from containers, filesystems, archives, and packages.', 'https://github.com/anchore/syft', 'https://github.com/anchore/syft', NULL, '/tool-screenshots/syft.webp', '/tool-images/syft.svg', 'open-source', 'SBOM tool', 'published', 0, 'none', datetime('now'), datetime('now')) ON CONFLICT(slug) DO UPDATE SET name=excluded.name, tagline=excluded.tagline, description=excluded.description, website_url=excluded.website_url, github_url=excluded.github_url, docs_url=excluded.docs_url, screenshot_url=excluded.screenshot_url, image_url=excluded.image_url, pricing_model=excluded.pricing_model, tool_type=excluded.tool_type, status=excluded.status, featured=excluded.featured, sponsor_tier=excluded.sponsor_tier, updated_at=datetime('now');
DELETE FROM tool_categories WHERE tool_id = 'syft';
INSERT OR IGNORE INTO tool_categories (tool_id, category_id) SELECT 'syft', id FROM categories WHERE slug = 'vulnerability-management';
DELETE FROM tool_tags WHERE tool_id = 'syft';
INSERT OR IGNORE INTO tags (id, slug, name) VALUES ('sbom', 'sbom', 'sbom');
INSERT OR IGNORE INTO tool_tags (tool_id, tag_id) VALUES ('syft', 'sbom');
INSERT OR IGNORE INTO tags (id, slug, name) VALUES ('containers', 'containers', 'containers');
INSERT OR IGNORE INTO tool_tags (tool_id, tag_id) VALUES ('syft', 'containers');
INSERT OR IGNORE INTO tags (id, slug, name) VALUES ('supply-chain', 'supply-chain', 'supply-chain');
INSERT OR IGNORE INTO tool_tags (tool_id, tag_id) VALUES ('syft', 'supply-chain');
INSERT INTO tools (id, slug, name, tagline, description, website_url, github_url, docs_url, screenshot_url, image_url, pricing_model, tool_type, status, featured, sponsor_tier, created_at, updated_at) VALUES ('semgrep', 'semgrep', 'Semgrep', 'Lightweight static analysis.', 'Code scanning tool for finding security issues, bugs, and policy violations with readable rules.', 'https://semgrep.dev/', NULL, NULL, '/tool-screenshots/semgrep.webp', '/tool-images/semgrep.svg', 'freemium', 'Static analysis', 'published', 0, 'none', datetime('now'), datetime('now')) ON CONFLICT(slug) DO UPDATE SET name=excluded.name, tagline=excluded.tagline, description=excluded.description, website_url=excluded.website_url, github_url=excluded.github_url, docs_url=excluded.docs_url, screenshot_url=excluded.screenshot_url, image_url=excluded.image_url, pricing_model=excluded.pricing_model, tool_type=excluded.tool_type, status=excluded.status, featured=excluded.featured, sponsor_tier=excluded.sponsor_tier, updated_at=datetime('now');
DELETE FROM tool_categories WHERE tool_id = 'semgrep';
INSERT OR IGNORE INTO tool_categories (tool_id, category_id) SELECT 'semgrep', id FROM categories WHERE slug = 'vulnerability-management';
INSERT OR IGNORE INTO tool_categories (tool_id, category_id) SELECT 'semgrep', id FROM categories WHERE slug = 'detection-engineering';
DELETE FROM tool_tags WHERE tool_id = 'semgrep';
INSERT OR IGNORE INTO tags (id, slug, name) VALUES ('sast', 'sast', 'sast');
INSERT OR IGNORE INTO tool_tags (tool_id, tag_id) VALUES ('semgrep', 'sast');
INSERT OR IGNORE INTO tags (id, slug, name) VALUES ('code', 'code', 'code');
INSERT OR IGNORE INTO tool_tags (tool_id, tag_id) VALUES ('semgrep', 'code');
INSERT OR IGNORE INTO tags (id, slug, name) VALUES ('rules', 'rules', 'rules');
INSERT OR IGNORE INTO tool_tags (tool_id, tag_id) VALUES ('semgrep', 'rules');
INSERT INTO tools (id, slug, name, tagline, description, website_url, github_url, docs_url, screenshot_url, image_url, pricing_model, tool_type, status, featured, sponsor_tier, created_at, updated_at) VALUES ('osquery', 'osquery', 'osquery', 'SQL-powered endpoint visibility.', 'Open-source endpoint telemetry framework that exposes operating system state as queryable SQL tables.', 'https://osquery.io/', NULL, NULL, '/tool-screenshots/osquery.webp', '/tool-images/osquery.svg', 'open-source', 'Endpoint telemetry', 'published', 0, 'none', datetime('now'), datetime('now')) ON CONFLICT(slug) DO UPDATE SET name=excluded.name, tagline=excluded.tagline, description=excluded.description, website_url=excluded.website_url, github_url=excluded.github_url, docs_url=excluded.docs_url, screenshot_url=excluded.screenshot_url, image_url=excluded.image_url, pricing_model=excluded.pricing_model, tool_type=excluded.tool_type, status=excluded.status, featured=excluded.featured, sponsor_tier=excluded.sponsor_tier, updated_at=datetime('now');
DELETE FROM tool_categories WHERE tool_id = 'osquery';
INSERT OR IGNORE INTO tool_categories (tool_id, category_id) SELECT 'osquery', id FROM categories WHERE slug = 'detection-engineering';
DELETE FROM tool_tags WHERE tool_id = 'osquery';
INSERT OR IGNORE INTO tags (id, slug, name) VALUES ('endpoint', 'endpoint', 'endpoint');
INSERT OR IGNORE INTO tool_tags (tool_id, tag_id) VALUES ('osquery', 'endpoint');
INSERT OR IGNORE INTO tags (id, slug, name) VALUES ('telemetry', 'telemetry', 'telemetry');
INSERT OR IGNORE INTO tool_tags (tool_id, tag_id) VALUES ('osquery', 'telemetry');
INSERT OR IGNORE INTO tags (id, slug, name) VALUES ('sql', 'sql', 'sql');
INSERT OR IGNORE INTO tool_tags (tool_id, tag_id) VALUES ('osquery', 'sql');
INSERT INTO tools (id, slug, name, tagline, description, website_url, github_url, docs_url, screenshot_url, image_url, pricing_model, tool_type, status, featured, sponsor_tier, created_at, updated_at) VALUES ('velociraptor', 'velociraptor', 'Velociraptor', 'Endpoint visibility and DFIR collection.', 'Open-source endpoint monitoring, collection, and digital forensics platform for investigations and hunts.', 'https://docs.velociraptor.app/', NULL, NULL, '/tool-screenshots/velociraptor.webp', '/tool-images/velociraptor.svg', 'open-source', 'DFIR platform', 'published', 1, 'none', datetime('now'), datetime('now')) ON CONFLICT(slug) DO UPDATE SET name=excluded.name, tagline=excluded.tagline, description=excluded.description, website_url=excluded.website_url, github_url=excluded.github_url, docs_url=excluded.docs_url, screenshot_url=excluded.screenshot_url, image_url=excluded.image_url, pricing_model=excluded.pricing_model, tool_type=excluded.tool_type, status=excluded.status, featured=excluded.featured, sponsor_tier=excluded.sponsor_tier, updated_at=datetime('now');
DELETE FROM tool_categories WHERE tool_id = 'velociraptor';
INSERT OR IGNORE INTO tool_categories (tool_id, category_id) SELECT 'velociraptor', id FROM categories WHERE slug = 'detection-engineering';
INSERT OR IGNORE INTO tool_categories (tool_id, category_id) SELECT 'velociraptor', id FROM categories WHERE slug = 'cti';
DELETE FROM tool_tags WHERE tool_id = 'velociraptor';
INSERT OR IGNORE INTO tags (id, slug, name) VALUES ('dfir', 'dfir', 'dfir');
INSERT OR IGNORE INTO tool_tags (tool_id, tag_id) VALUES ('velociraptor', 'dfir');
INSERT OR IGNORE INTO tags (id, slug, name) VALUES ('endpoint', 'endpoint', 'endpoint');
INSERT OR IGNORE INTO tool_tags (tool_id, tag_id) VALUES ('velociraptor', 'endpoint');
INSERT OR IGNORE INTO tags (id, slug, name) VALUES ('hunting', 'hunting', 'hunting');
INSERT OR IGNORE INTO tool_tags (tool_id, tag_id) VALUES ('velociraptor', 'hunting');
INSERT INTO tools (id, slug, name, tagline, description, website_url, github_url, docs_url, screenshot_url, image_url, pricing_model, tool_type, status, featured, sponsor_tier, created_at, updated_at) VALUES ('sigma', 'sigma', 'Sigma', 'Generic SIEM detection rule format.', 'Open detection rule format that lets teams write portable log detections and convert them into SIEM-specific queries.', 'https://sigmahq.io/', NULL, NULL, '/tool-screenshots/sigma.webp', '/tool-images/sigma.svg', 'open-source', 'Detection rules', 'published', 1, 'none', datetime('now'), datetime('now')) ON CONFLICT(slug) DO UPDATE SET name=excluded.name, tagline=excluded.tagline, description=excluded.description, website_url=excluded.website_url, github_url=excluded.github_url, docs_url=excluded.docs_url, screenshot_url=excluded.screenshot_url, image_url=excluded.image_url, pricing_model=excluded.pricing_model, tool_type=excluded.tool_type, status=excluded.status, featured=excluded.featured, sponsor_tier=excluded.sponsor_tier, updated_at=datetime('now');
DELETE FROM tool_categories WHERE tool_id = 'sigma';
INSERT OR IGNORE INTO tool_categories (tool_id, category_id) SELECT 'sigma', id FROM categories WHERE slug = 'detection-engineering';
DELETE FROM tool_tags WHERE tool_id = 'sigma';
INSERT OR IGNORE INTO tags (id, slug, name) VALUES ('sigma', 'sigma', 'sigma');
INSERT OR IGNORE INTO tool_tags (tool_id, tag_id) VALUES ('sigma', 'sigma');
INSERT OR IGNORE INTO tags (id, slug, name) VALUES ('siem', 'siem', 'siem');
INSERT OR IGNORE INTO tool_tags (tool_id, tag_id) VALUES ('sigma', 'siem');
INSERT OR IGNORE INTO tags (id, slug, name) VALUES ('detections', 'detections', 'detections');
INSERT OR IGNORE INTO tool_tags (tool_id, tag_id) VALUES ('sigma', 'detections');
INSERT INTO tools (id, slug, name, tagline, description, website_url, github_url, docs_url, screenshot_url, image_url, pricing_model, tool_type, status, featured, sponsor_tier, created_at, updated_at) VALUES ('yara', 'yara', 'YARA', 'Pattern matching for malware research.', 'Rule-based matching engine used by malware researchers to identify and classify file samples and families.', 'https://virustotal.github.io/yara/', NULL, NULL, '/tool-screenshots/yara.webp', '/tool-images/yara.svg', 'open-source', 'Malware rules', 'published', 0, 'none', datetime('now'), datetime('now')) ON CONFLICT(slug) DO UPDATE SET name=excluded.name, tagline=excluded.tagline, description=excluded.description, website_url=excluded.website_url, github_url=excluded.github_url, docs_url=excluded.docs_url, screenshot_url=excluded.screenshot_url, image_url=excluded.image_url, pricing_model=excluded.pricing_model, tool_type=excluded.tool_type, status=excluded.status, featured=excluded.featured, sponsor_tier=excluded.sponsor_tier, updated_at=datetime('now');
DELETE FROM tool_categories WHERE tool_id = 'yara';
INSERT OR IGNORE INTO tool_categories (tool_id, category_id) SELECT 'yara', id FROM categories WHERE slug = 'malware-analysis';
INSERT OR IGNORE INTO tool_categories (tool_id, category_id) SELECT 'yara', id FROM categories WHERE slug = 'detection-engineering';
DELETE FROM tool_tags WHERE tool_id = 'yara';
INSERT OR IGNORE INTO tags (id, slug, name) VALUES ('yara', 'yara', 'yara');
INSERT OR IGNORE INTO tool_tags (tool_id, tag_id) VALUES ('yara', 'yara');
INSERT OR IGNORE INTO tags (id, slug, name) VALUES ('malware', 'malware', 'malware');
INSERT OR IGNORE INTO tool_tags (tool_id, tag_id) VALUES ('yara', 'malware');
INSERT OR IGNORE INTO tags (id, slug, name) VALUES ('reverse-engineering', 'reverse-engineering', 'reverse-engineering');
INSERT OR IGNORE INTO tool_tags (tool_id, tag_id) VALUES ('yara', 'reverse-engineering');
INSERT INTO tools (id, slug, name, tagline, description, website_url, github_url, docs_url, screenshot_url, image_url, pricing_model, tool_type, status, featured, sponsor_tier, created_at, updated_at) VALUES ('suricata', 'suricata', 'Suricata', 'Open-source IDS, IPS, and network security monitoring.', 'High-performance network threat detection engine with signatures, protocol parsing, and network security monitoring workflows.', 'https://suricata.io/', NULL, NULL, '/tool-screenshots/suricata.webp', '/tool-images/suricata.svg', 'open-source', 'Network detection', 'published', 0, 'none', datetime('now'), datetime('now')) ON CONFLICT(slug) DO UPDATE SET name=excluded.name, tagline=excluded.tagline, description=excluded.description, website_url=excluded.website_url, github_url=excluded.github_url, docs_url=excluded.docs_url, screenshot_url=excluded.screenshot_url, image_url=excluded.image_url, pricing_model=excluded.pricing_model, tool_type=excluded.tool_type, status=excluded.status, featured=excluded.featured, sponsor_tier=excluded.sponsor_tier, updated_at=datetime('now');
DELETE FROM tool_categories WHERE tool_id = 'suricata';
INSERT OR IGNORE INTO tool_categories (tool_id, category_id) SELECT 'suricata', id FROM categories WHERE slug = 'detection-engineering';
DELETE FROM tool_tags WHERE tool_id = 'suricata';
INSERT OR IGNORE INTO tags (id, slug, name) VALUES ('ids', 'ids', 'ids');
INSERT OR IGNORE INTO tool_tags (tool_id, tag_id) VALUES ('suricata', 'ids');
INSERT OR IGNORE INTO tags (id, slug, name) VALUES ('network', 'network', 'network');
INSERT OR IGNORE INTO tool_tags (tool_id, tag_id) VALUES ('suricata', 'network');
INSERT OR IGNORE INTO tags (id, slug, name) VALUES ('signatures', 'signatures', 'signatures');
INSERT OR IGNORE INTO tool_tags (tool_id, tag_id) VALUES ('suricata', 'signatures');
INSERT INTO tools (id, slug, name, tagline, description, website_url, github_url, docs_url, screenshot_url, image_url, pricing_model, tool_type, status, featured, sponsor_tier, created_at, updated_at) VALUES ('zeek', 'zeek', 'Zeek', 'Network security monitoring framework.', 'Open-source network analysis framework for protocol metadata, detections, investigations, and security telemetry engineering.', 'https://zeek.org/', NULL, NULL, '/tool-screenshots/zeek.webp', '/tool-images/zeek.svg', 'open-source', 'Network telemetry', 'published', 0, 'none', datetime('now'), datetime('now')) ON CONFLICT(slug) DO UPDATE SET name=excluded.name, tagline=excluded.tagline, description=excluded.description, website_url=excluded.website_url, github_url=excluded.github_url, docs_url=excluded.docs_url, screenshot_url=excluded.screenshot_url, image_url=excluded.image_url, pricing_model=excluded.pricing_model, tool_type=excluded.tool_type, status=excluded.status, featured=excluded.featured, sponsor_tier=excluded.sponsor_tier, updated_at=datetime('now');
DELETE FROM tool_categories WHERE tool_id = 'zeek';
INSERT OR IGNORE INTO tool_categories (tool_id, category_id) SELECT 'zeek', id FROM categories WHERE slug = 'detection-engineering';
DELETE FROM tool_tags WHERE tool_id = 'zeek';
INSERT OR IGNORE INTO tags (id, slug, name) VALUES ('network', 'network', 'network');
INSERT OR IGNORE INTO tool_tags (tool_id, tag_id) VALUES ('zeek', 'network');
INSERT OR IGNORE INTO tags (id, slug, name) VALUES ('telemetry', 'telemetry', 'telemetry');
INSERT OR IGNORE INTO tool_tags (tool_id, tag_id) VALUES ('zeek', 'telemetry');
INSERT OR IGNORE INTO tags (id, slug, name) VALUES ('nsm', 'nsm', 'nsm');
INSERT OR IGNORE INTO tool_tags (tool_id, tag_id) VALUES ('zeek', 'nsm');
INSERT INTO tools (id, slug, name, tagline, description, website_url, github_url, docs_url, screenshot_url, image_url, pricing_model, tool_type, status, featured, sponsor_tier, created_at, updated_at) VALUES ('caldera', 'caldera', 'MITRE Caldera', 'Adversary emulation platform.', 'Automated adversary emulation platform for testing defensive coverage, response workflows, and ATT&CK-aligned behaviors.', 'https://caldera.mitre.org/', NULL, NULL, '/tool-screenshots/caldera.webp', '/tool-images/caldera.svg', 'open-source', 'Adversary emulation', 'published', 0, 'none', datetime('now'), datetime('now')) ON CONFLICT(slug) DO UPDATE SET name=excluded.name, tagline=excluded.tagline, description=excluded.description, website_url=excluded.website_url, github_url=excluded.github_url, docs_url=excluded.docs_url, screenshot_url=excluded.screenshot_url, image_url=excluded.image_url, pricing_model=excluded.pricing_model, tool_type=excluded.tool_type, status=excluded.status, featured=excluded.featured, sponsor_tier=excluded.sponsor_tier, updated_at=datetime('now');
DELETE FROM tool_categories WHERE tool_id = 'caldera';
INSERT OR IGNORE INTO tool_categories (tool_id, category_id) SELECT 'caldera', id FROM categories WHERE slug = 'detection-engineering';
DELETE FROM tool_tags WHERE tool_id = 'caldera';
INSERT OR IGNORE INTO tags (id, slug, name) VALUES ('attack', 'attack', 'attack');
INSERT OR IGNORE INTO tool_tags (tool_id, tag_id) VALUES ('caldera', 'attack');
INSERT OR IGNORE INTO tags (id, slug, name) VALUES ('emulation', 'emulation', 'emulation');
INSERT OR IGNORE INTO tool_tags (tool_id, tag_id) VALUES ('caldera', 'emulation');
INSERT OR IGNORE INTO tags (id, slug, name) VALUES ('testing', 'testing', 'testing');
INSERT OR IGNORE INTO tool_tags (tool_id, tag_id) VALUES ('caldera', 'testing');
INSERT INTO tools (id, slug, name, tagline, description, website_url, github_url, docs_url, screenshot_url, image_url, pricing_model, tool_type, status, featured, sponsor_tier, created_at, updated_at) VALUES ('atomic-red-team', 'atomic-red-team', 'Atomic Red Team', 'Small ATT&CK-aligned detection tests.', 'Library of atomic tests for validating detection coverage and security controls against ATT&CK techniques.', 'https://atomicredteam.io/', NULL, NULL, '/tool-screenshots/atomic-red-team.webp', '/tool-images/atomic-red-team.svg', 'open-source', 'Detection testing', 'published', 0, 'none', datetime('now'), datetime('now')) ON CONFLICT(slug) DO UPDATE SET name=excluded.name, tagline=excluded.tagline, description=excluded.description, website_url=excluded.website_url, github_url=excluded.github_url, docs_url=excluded.docs_url, screenshot_url=excluded.screenshot_url, image_url=excluded.image_url, pricing_model=excluded.pricing_model, tool_type=excluded.tool_type, status=excluded.status, featured=excluded.featured, sponsor_tier=excluded.sponsor_tier, updated_at=datetime('now');
DELETE FROM tool_categories WHERE tool_id = 'atomic-red-team';
INSERT OR IGNORE INTO tool_categories (tool_id, category_id) SELECT 'atomic-red-team', id FROM categories WHERE slug = 'detection-engineering';
DELETE FROM tool_tags WHERE tool_id = 'atomic-red-team';
INSERT OR IGNORE INTO tags (id, slug, name) VALUES ('attack', 'attack', 'attack');
INSERT OR IGNORE INTO tool_tags (tool_id, tag_id) VALUES ('atomic-red-team', 'attack');
INSERT OR IGNORE INTO tags (id, slug, name) VALUES ('testing', 'testing', 'testing');
INSERT OR IGNORE INTO tool_tags (tool_id, tag_id) VALUES ('atomic-red-team', 'testing');
INSERT OR IGNORE INTO tags (id, slug, name) VALUES ('coverage', 'coverage', 'coverage');
INSERT OR IGNORE INTO tool_tags (tool_id, tag_id) VALUES ('atomic-red-team', 'coverage');
INSERT INTO tools (id, slug, name, tagline, description, website_url, github_url, docs_url, screenshot_url, image_url, pricing_model, tool_type, status, featured, sponsor_tier, created_at, updated_at) VALUES ('mitre-attack', 'mitre-attack', 'MITRE ATT&CK', 'Adversary tactics and techniques knowledge base.', 'A common language for adversary behavior, useful for detection coverage, threat modeling, CTI reports, and SOC workflows.', 'https://attack.mitre.org/', NULL, NULL, '/tool-screenshots/mitre-attack.webp', '/tool-images/mitre-attack.svg', 'free', 'Knowledge base', 'published', 1, 'none', datetime('now'), datetime('now')) ON CONFLICT(slug) DO UPDATE SET name=excluded.name, tagline=excluded.tagline, description=excluded.description, website_url=excluded.website_url, github_url=excluded.github_url, docs_url=excluded.docs_url, screenshot_url=excluded.screenshot_url, image_url=excluded.image_url, pricing_model=excluded.pricing_model, tool_type=excluded.tool_type, status=excluded.status, featured=excluded.featured, sponsor_tier=excluded.sponsor_tier, updated_at=datetime('now');
DELETE FROM tool_categories WHERE tool_id = 'mitre-attack';
INSERT OR IGNORE INTO tool_categories (tool_id, category_id) SELECT 'mitre-attack', id FROM categories WHERE slug = 'cti';
INSERT OR IGNORE INTO tool_categories (tool_id, category_id) SELECT 'mitre-attack', id FROM categories WHERE slug = 'detection-engineering';
DELETE FROM tool_tags WHERE tool_id = 'mitre-attack';
INSERT OR IGNORE INTO tags (id, slug, name) VALUES ('attack', 'attack', 'attack');
INSERT OR IGNORE INTO tool_tags (tool_id, tag_id) VALUES ('mitre-attack', 'attack');
INSERT OR IGNORE INTO tags (id, slug, name) VALUES ('ttp', 'ttp', 'ttp');
INSERT OR IGNORE INTO tool_tags (tool_id, tag_id) VALUES ('mitre-attack', 'ttp');
INSERT OR IGNORE INTO tags (id, slug, name) VALUES ('coverage', 'coverage', 'coverage');
INSERT OR IGNORE INTO tool_tags (tool_id, tag_id) VALUES ('mitre-attack', 'coverage');
INSERT INTO tools (id, slug, name, tagline, description, website_url, github_url, docs_url, screenshot_url, image_url, pricing_model, tool_type, status, featured, sponsor_tier, created_at, updated_at) VALUES ('uncoder', 'uncoder', 'Uncoder AI', 'Translate and manage detection logic.', 'Detection engineering workspace for translating, searching, and managing SIEM rules and detection content across platforms.', 'https://uncoder.io/', NULL, NULL, '/tool-screenshots/uncoder.webp', '/tool-images/uncoder.svg', 'freemium', 'Detection translation', 'published', 0, 'none', datetime('now'), datetime('now')) ON CONFLICT(slug) DO UPDATE SET name=excluded.name, tagline=excluded.tagline, description=excluded.description, website_url=excluded.website_url, github_url=excluded.github_url, docs_url=excluded.docs_url, screenshot_url=excluded.screenshot_url, image_url=excluded.image_url, pricing_model=excluded.pricing_model, tool_type=excluded.tool_type, status=excluded.status, featured=excluded.featured, sponsor_tier=excluded.sponsor_tier, updated_at=datetime('now');
DELETE FROM tool_categories WHERE tool_id = 'uncoder';
INSERT OR IGNORE INTO tool_categories (tool_id, category_id) SELECT 'uncoder', id FROM categories WHERE slug = 'detection-engineering';
DELETE FROM tool_tags WHERE tool_id = 'uncoder';
INSERT OR IGNORE INTO tags (id, slug, name) VALUES ('sigma', 'sigma', 'sigma');
INSERT OR IGNORE INTO tool_tags (tool_id, tag_id) VALUES ('uncoder', 'sigma');
INSERT OR IGNORE INTO tags (id, slug, name) VALUES ('siem', 'siem', 'siem');
INSERT OR IGNORE INTO tool_tags (tool_id, tag_id) VALUES ('uncoder', 'siem');
INSERT OR IGNORE INTO tags (id, slug, name) VALUES ('translation', 'translation', 'translation');
INSERT OR IGNORE INTO tool_tags (tool_id, tag_id) VALUES ('uncoder', 'translation');
INSERT INTO tools (id, slug, name, tagline, description, website_url, github_url, docs_url, screenshot_url, image_url, pricing_model, tool_type, status, featured, sponsor_tier, created_at, updated_at) VALUES ('anyrun', 'anyrun', 'ANY.RUN', 'Interactive malware sandbox.', 'Interactive malware analysis sandbox for detonating samples, observing process/network behavior, and sharing analysis sessions.', 'https://any.run/', NULL, NULL, '/tool-screenshots/anyrun.webp', '/tool-images/anyrun.svg', 'freemium', 'Malware sandbox', 'published', 1, 'none', datetime('now'), datetime('now')) ON CONFLICT(slug) DO UPDATE SET name=excluded.name, tagline=excluded.tagline, description=excluded.description, website_url=excluded.website_url, github_url=excluded.github_url, docs_url=excluded.docs_url, screenshot_url=excluded.screenshot_url, image_url=excluded.image_url, pricing_model=excluded.pricing_model, tool_type=excluded.tool_type, status=excluded.status, featured=excluded.featured, sponsor_tier=excluded.sponsor_tier, updated_at=datetime('now');
DELETE FROM tool_categories WHERE tool_id = 'anyrun';
INSERT OR IGNORE INTO tool_categories (tool_id, category_id) SELECT 'anyrun', id FROM categories WHERE slug = 'malware-analysis';
INSERT OR IGNORE INTO tool_categories (tool_id, category_id) SELECT 'anyrun', id FROM categories WHERE slug = 'cti';
DELETE FROM tool_tags WHERE tool_id = 'anyrun';
INSERT OR IGNORE INTO tags (id, slug, name) VALUES ('sandbox', 'sandbox', 'sandbox');
INSERT OR IGNORE INTO tool_tags (tool_id, tag_id) VALUES ('anyrun', 'sandbox');
INSERT OR IGNORE INTO tags (id, slug, name) VALUES ('malware', 'malware', 'malware');
INSERT OR IGNORE INTO tool_tags (tool_id, tag_id) VALUES ('anyrun', 'malware');
INSERT OR IGNORE INTO tags (id, slug, name) VALUES ('dynamic-analysis', 'dynamic-analysis', 'dynamic-analysis');
INSERT OR IGNORE INTO tool_tags (tool_id, tag_id) VALUES ('anyrun', 'dynamic-analysis');
INSERT INTO tools (id, slug, name, tagline, description, website_url, github_url, docs_url, screenshot_url, image_url, pricing_model, tool_type, status, featured, sponsor_tier, created_at, updated_at) VALUES ('joesandbox', 'joesandbox', 'Joe Sandbox', 'Deep malware analysis sandbox.', 'Malware analysis sandbox for Windows, Android, macOS, Linux, URLs, and documents with behavioral reports.', 'https://www.joesandbox.com/', NULL, NULL, '/tool-screenshots/joesandbox.webp', '/tool-images/joesandbox.svg', 'freemium', 'Malware sandbox', 'published', 0, 'none', datetime('now'), datetime('now')) ON CONFLICT(slug) DO UPDATE SET name=excluded.name, tagline=excluded.tagline, description=excluded.description, website_url=excluded.website_url, github_url=excluded.github_url, docs_url=excluded.docs_url, screenshot_url=excluded.screenshot_url, image_url=excluded.image_url, pricing_model=excluded.pricing_model, tool_type=excluded.tool_type, status=excluded.status, featured=excluded.featured, sponsor_tier=excluded.sponsor_tier, updated_at=datetime('now');
DELETE FROM tool_categories WHERE tool_id = 'joesandbox';
INSERT OR IGNORE INTO tool_categories (tool_id, category_id) SELECT 'joesandbox', id FROM categories WHERE slug = 'malware-analysis';
DELETE FROM tool_tags WHERE tool_id = 'joesandbox';
INSERT OR IGNORE INTO tags (id, slug, name) VALUES ('sandbox', 'sandbox', 'sandbox');
INSERT OR IGNORE INTO tool_tags (tool_id, tag_id) VALUES ('joesandbox', 'sandbox');
INSERT OR IGNORE INTO tags (id, slug, name) VALUES ('malware', 'malware', 'malware');
INSERT OR IGNORE INTO tool_tags (tool_id, tag_id) VALUES ('joesandbox', 'malware');
INSERT OR IGNORE INTO tags (id, slug, name) VALUES ('behavior', 'behavior', 'behavior');
INSERT OR IGNORE INTO tool_tags (tool_id, tag_id) VALUES ('joesandbox', 'behavior');
INSERT INTO tools (id, slug, name, tagline, description, website_url, github_url, docs_url, screenshot_url, image_url, pricing_model, tool_type, status, featured, sponsor_tier, created_at, updated_at) VALUES ('hybrid-analysis', 'hybrid-analysis', 'Hybrid Analysis', 'CrowdStrike Falcon Sandbox community analysis.', 'Malware analysis portal for file and URL detonation, behavioral reports, and community sample intelligence.', 'https://www.hybrid-analysis.com/', NULL, NULL, '/tool-screenshots/hybrid-analysis.webp', '/tool-images/hybrid-analysis.svg', 'freemium', 'Malware sandbox', 'published', 0, 'none', datetime('now'), datetime('now')) ON CONFLICT(slug) DO UPDATE SET name=excluded.name, tagline=excluded.tagline, description=excluded.description, website_url=excluded.website_url, github_url=excluded.github_url, docs_url=excluded.docs_url, screenshot_url=excluded.screenshot_url, image_url=excluded.image_url, pricing_model=excluded.pricing_model, tool_type=excluded.tool_type, status=excluded.status, featured=excluded.featured, sponsor_tier=excluded.sponsor_tier, updated_at=datetime('now');
DELETE FROM tool_categories WHERE tool_id = 'hybrid-analysis';
INSERT OR IGNORE INTO tool_categories (tool_id, category_id) SELECT 'hybrid-analysis', id FROM categories WHERE slug = 'malware-analysis';
INSERT OR IGNORE INTO tool_categories (tool_id, category_id) SELECT 'hybrid-analysis', id FROM categories WHERE slug = 'cti';
DELETE FROM tool_tags WHERE tool_id = 'hybrid-analysis';
INSERT OR IGNORE INTO tags (id, slug, name) VALUES ('sandbox', 'sandbox', 'sandbox');
INSERT OR IGNORE INTO tool_tags (tool_id, tag_id) VALUES ('hybrid-analysis', 'sandbox');
INSERT OR IGNORE INTO tags (id, slug, name) VALUES ('malware', 'malware', 'malware');
INSERT OR IGNORE INTO tool_tags (tool_id, tag_id) VALUES ('hybrid-analysis', 'malware');
INSERT OR IGNORE INTO tags (id, slug, name) VALUES ('reports', 'reports', 'reports');
INSERT OR IGNORE INTO tool_tags (tool_id, tag_id) VALUES ('hybrid-analysis', 'reports');
INSERT INTO tools (id, slug, name, tagline, description, website_url, github_url, docs_url, screenshot_url, image_url, pricing_model, tool_type, status, featured, sponsor_tier, created_at, updated_at) VALUES ('cuckoo', 'cuckoo', 'Cuckoo Sandbox', 'Open-source automated malware analysis.', 'Open-source sandbox for automated dynamic malware analysis in controlled lab environments.', 'https://cuckoosandbox.org/', NULL, NULL, '/tool-screenshots/cuckoo.webp', '/tool-images/cuckoo.svg', 'open-source', 'Malware sandbox', 'published', 0, 'none', datetime('now'), datetime('now')) ON CONFLICT(slug) DO UPDATE SET name=excluded.name, tagline=excluded.tagline, description=excluded.description, website_url=excluded.website_url, github_url=excluded.github_url, docs_url=excluded.docs_url, screenshot_url=excluded.screenshot_url, image_url=excluded.image_url, pricing_model=excluded.pricing_model, tool_type=excluded.tool_type, status=excluded.status, featured=excluded.featured, sponsor_tier=excluded.sponsor_tier, updated_at=datetime('now');
DELETE FROM tool_categories WHERE tool_id = 'cuckoo';
INSERT OR IGNORE INTO tool_categories (tool_id, category_id) SELECT 'cuckoo', id FROM categories WHERE slug = 'malware-analysis';
DELETE FROM tool_tags WHERE tool_id = 'cuckoo';
INSERT OR IGNORE INTO tags (id, slug, name) VALUES ('sandbox', 'sandbox', 'sandbox');
INSERT OR IGNORE INTO tool_tags (tool_id, tag_id) VALUES ('cuckoo', 'sandbox');
INSERT OR IGNORE INTO tags (id, slug, name) VALUES ('malware', 'malware', 'malware');
INSERT OR IGNORE INTO tool_tags (tool_id, tag_id) VALUES ('cuckoo', 'malware');
INSERT OR IGNORE INTO tags (id, slug, name) VALUES ('open-source', 'open-source', 'open-source');
INSERT OR IGNORE INTO tool_tags (tool_id, tag_id) VALUES ('cuckoo', 'open-source');
INSERT INTO tools (id, slug, name, tagline, description, website_url, github_url, docs_url, screenshot_url, image_url, pricing_model, tool_type, status, featured, sponsor_tier, created_at, updated_at) VALUES ('ghidra', 'ghidra', 'Ghidra', 'Software reverse engineering suite.', 'Open-source reverse engineering framework with disassembly, decompilation, scripting, and binary analysis capabilities.', 'https://ghidra-sre.org/', NULL, NULL, '/tool-screenshots/ghidra.webp', '/tool-images/ghidra.svg', 'open-source', 'Reverse engineering', 'published', 1, 'none', datetime('now'), datetime('now')) ON CONFLICT(slug) DO UPDATE SET name=excluded.name, tagline=excluded.tagline, description=excluded.description, website_url=excluded.website_url, github_url=excluded.github_url, docs_url=excluded.docs_url, screenshot_url=excluded.screenshot_url, image_url=excluded.image_url, pricing_model=excluded.pricing_model, tool_type=excluded.tool_type, status=excluded.status, featured=excluded.featured, sponsor_tier=excluded.sponsor_tier, updated_at=datetime('now');
DELETE FROM tool_categories WHERE tool_id = 'ghidra';
INSERT OR IGNORE INTO tool_categories (tool_id, category_id) SELECT 'ghidra', id FROM categories WHERE slug = 'malware-analysis';
DELETE FROM tool_tags WHERE tool_id = 'ghidra';
INSERT OR IGNORE INTO tags (id, slug, name) VALUES ('reverse-engineering', 'reverse-engineering', 'reverse-engineering');
INSERT OR IGNORE INTO tool_tags (tool_id, tag_id) VALUES ('ghidra', 'reverse-engineering');
INSERT OR IGNORE INTO tags (id, slug, name) VALUES ('decompiler', 'decompiler', 'decompiler');
INSERT OR IGNORE INTO tool_tags (tool_id, tag_id) VALUES ('ghidra', 'decompiler');
INSERT OR IGNORE INTO tags (id, slug, name) VALUES ('binary', 'binary', 'binary');
INSERT OR IGNORE INTO tool_tags (tool_id, tag_id) VALUES ('ghidra', 'binary');
INSERT INTO tools (id, slug, name, tagline, description, website_url, github_url, docs_url, screenshot_url, image_url, pricing_model, tool_type, status, featured, sponsor_tier, created_at, updated_at) VALUES ('radare2', 'radare2', 'radare2', 'Reverse engineering framework.', 'Open-source reverse engineering toolkit for disassembly, debugging, patching, binary analysis, and scripting.', 'https://rada.re/n/', NULL, NULL, '/tool-screenshots/radare2.webp', '/tool-images/radare2.svg', 'open-source', 'Reverse engineering', 'published', 0, 'none', datetime('now'), datetime('now')) ON CONFLICT(slug) DO UPDATE SET name=excluded.name, tagline=excluded.tagline, description=excluded.description, website_url=excluded.website_url, github_url=excluded.github_url, docs_url=excluded.docs_url, screenshot_url=excluded.screenshot_url, image_url=excluded.image_url, pricing_model=excluded.pricing_model, tool_type=excluded.tool_type, status=excluded.status, featured=excluded.featured, sponsor_tier=excluded.sponsor_tier, updated_at=datetime('now');
DELETE FROM tool_categories WHERE tool_id = 'radare2';
INSERT OR IGNORE INTO tool_categories (tool_id, category_id) SELECT 'radare2', id FROM categories WHERE slug = 'malware-analysis';
DELETE FROM tool_tags WHERE tool_id = 'radare2';
INSERT OR IGNORE INTO tags (id, slug, name) VALUES ('reverse-engineering', 'reverse-engineering', 'reverse-engineering');
INSERT OR IGNORE INTO tool_tags (tool_id, tag_id) VALUES ('radare2', 'reverse-engineering');
INSERT OR IGNORE INTO tags (id, slug, name) VALUES ('binary', 'binary', 'binary');
INSERT OR IGNORE INTO tool_tags (tool_id, tag_id) VALUES ('radare2', 'binary');
INSERT OR IGNORE INTO tags (id, slug, name) VALUES ('debugging', 'debugging', 'debugging');
INSERT OR IGNORE INTO tool_tags (tool_id, tag_id) VALUES ('radare2', 'debugging');
INSERT INTO tools (id, slug, name, tagline, description, website_url, github_url, docs_url, screenshot_url, image_url, pricing_model, tool_type, status, featured, sponsor_tier, created_at, updated_at) VALUES ('capa', 'capa', 'capa', 'Identify capabilities in executable files.', 'FLARE tool that detects capabilities in programs using rules that describe behaviors, APIs, and code patterns.', 'https://github.com/mandiant/capa', 'https://github.com/mandiant/capa', NULL, '/tool-screenshots/capa.webp', '/tool-images/capa.svg', 'open-source', 'Malware capability detection', 'published', 0, 'none', datetime('now'), datetime('now')) ON CONFLICT(slug) DO UPDATE SET name=excluded.name, tagline=excluded.tagline, description=excluded.description, website_url=excluded.website_url, github_url=excluded.github_url, docs_url=excluded.docs_url, screenshot_url=excluded.screenshot_url, image_url=excluded.image_url, pricing_model=excluded.pricing_model, tool_type=excluded.tool_type, status=excluded.status, featured=excluded.featured, sponsor_tier=excluded.sponsor_tier, updated_at=datetime('now');
DELETE FROM tool_categories WHERE tool_id = 'capa';
INSERT OR IGNORE INTO tool_categories (tool_id, category_id) SELECT 'capa', id FROM categories WHERE slug = 'malware-analysis';
INSERT OR IGNORE INTO tool_categories (tool_id, category_id) SELECT 'capa', id FROM categories WHERE slug = 'detection-engineering';
DELETE FROM tool_tags WHERE tool_id = 'capa';
INSERT OR IGNORE INTO tags (id, slug, name) VALUES ('malware', 'malware', 'malware');
INSERT OR IGNORE INTO tool_tags (tool_id, tag_id) VALUES ('capa', 'malware');
INSERT OR IGNORE INTO tags (id, slug, name) VALUES ('capabilities', 'capabilities', 'capabilities');
INSERT OR IGNORE INTO tool_tags (tool_id, tag_id) VALUES ('capa', 'capabilities');
INSERT OR IGNORE INTO tags (id, slug, name) VALUES ('reverse-engineering', 'reverse-engineering', 'reverse-engineering');
INSERT OR IGNORE INTO tool_tags (tool_id, tag_id) VALUES ('capa', 'reverse-engineering');
INSERT INTO tools (id, slug, name, tagline, description, website_url, github_url, docs_url, screenshot_url, image_url, pricing_model, tool_type, status, featured, sponsor_tier, created_at, updated_at) VALUES ('floss', 'floss', 'FLOSS', 'Extract obfuscated strings from malware.', 'FLARE tool for extracting static, stack, tight, and decoded strings from malware samples.', 'https://github.com/mandiant/flare-floss', 'https://github.com/mandiant/flare-floss', NULL, '/tool-screenshots/floss.webp', '/tool-images/floss.svg', 'open-source', 'Malware string extraction', 'published', 0, 'none', datetime('now'), datetime('now')) ON CONFLICT(slug) DO UPDATE SET name=excluded.name, tagline=excluded.tagline, description=excluded.description, website_url=excluded.website_url, github_url=excluded.github_url, docs_url=excluded.docs_url, screenshot_url=excluded.screenshot_url, image_url=excluded.image_url, pricing_model=excluded.pricing_model, tool_type=excluded.tool_type, status=excluded.status, featured=excluded.featured, sponsor_tier=excluded.sponsor_tier, updated_at=datetime('now');
DELETE FROM tool_categories WHERE tool_id = 'floss';
INSERT OR IGNORE INTO tool_categories (tool_id, category_id) SELECT 'floss', id FROM categories WHERE slug = 'malware-analysis';
DELETE FROM tool_tags WHERE tool_id = 'floss';
INSERT OR IGNORE INTO tags (id, slug, name) VALUES ('strings', 'strings', 'strings');
INSERT OR IGNORE INTO tool_tags (tool_id, tag_id) VALUES ('floss', 'strings');
INSERT OR IGNORE INTO tags (id, slug, name) VALUES ('malware', 'malware', 'malware');
INSERT OR IGNORE INTO tool_tags (tool_id, tag_id) VALUES ('floss', 'malware');
INSERT OR IGNORE INTO tags (id, slug, name) VALUES ('reverse-engineering', 'reverse-engineering', 'reverse-engineering');
INSERT OR IGNORE INTO tool_tags (tool_id, tag_id) VALUES ('floss', 'reverse-engineering');
INSERT INTO tools (id, slug, name, tagline, description, website_url, github_url, docs_url, screenshot_url, image_url, pricing_model, tool_type, status, featured, sponsor_tier, created_at, updated_at) VALUES ('cyberchef', 'cyberchef', 'CyberChef', 'Decode, transform, and analyze data.', 'Browser-based toolbox for encoding, decoding, hashing, compression, extraction, and data transformation during investigations.', 'https://gchq.github.io/CyberChef/', NULL, NULL, '/tool-screenshots/cyberchef.webp', '/tool-images/cyberchef.svg', 'open-source', 'Data analysis workbench', 'published', 1, 'none', datetime('now'), datetime('now')) ON CONFLICT(slug) DO UPDATE SET name=excluded.name, tagline=excluded.tagline, description=excluded.description, website_url=excluded.website_url, github_url=excluded.github_url, docs_url=excluded.docs_url, screenshot_url=excluded.screenshot_url, image_url=excluded.image_url, pricing_model=excluded.pricing_model, tool_type=excluded.tool_type, status=excluded.status, featured=excluded.featured, sponsor_tier=excluded.sponsor_tier, updated_at=datetime('now');
DELETE FROM tool_categories WHERE tool_id = 'cyberchef';
INSERT OR IGNORE INTO tool_categories (tool_id, category_id) SELECT 'cyberchef', id FROM categories WHERE slug = 'malware-analysis';
INSERT OR IGNORE INTO tool_categories (tool_id, category_id) SELECT 'cyberchef', id FROM categories WHERE slug = 'osint';
INSERT OR IGNORE INTO tool_categories (tool_id, category_id) SELECT 'cyberchef', id FROM categories WHERE slug = 'cti';
DELETE FROM tool_tags WHERE tool_id = 'cyberchef';
INSERT OR IGNORE INTO tags (id, slug, name) VALUES ('decode', 'decode', 'decode');
INSERT OR IGNORE INTO tool_tags (tool_id, tag_id) VALUES ('cyberchef', 'decode');
INSERT OR IGNORE INTO tags (id, slug, name) VALUES ('transform', 'transform', 'transform');
INSERT OR IGNORE INTO tool_tags (tool_id, tag_id) VALUES ('cyberchef', 'transform');
INSERT OR IGNORE INTO tags (id, slug, name) VALUES ('forensics', 'forensics', 'forensics');
INSERT OR IGNORE INTO tool_tags (tool_id, tag_id) VALUES ('cyberchef', 'forensics');
INSERT INTO tools (id, slug, name, tagline, description, website_url, github_url, docs_url, screenshot_url, image_url, pricing_model, tool_type, status, featured, sponsor_tier, created_at, updated_at) VALUES ('chainabuse', 'chainabuse', 'Chainabuse', 'Community crypto scam reporting.', 'A public reporting and investigation platform for crypto scams, fraud, malicious wallet activity, and Web3 abuse reports.', 'https://www.chainabuse.com/', NULL, NULL, '/tool-screenshots/chainabuse.webp', '/tool-images/chainabuse.svg', 'free', 'Web3 abuse intelligence', 'published', 0, 'none', datetime('now'), datetime('now')) ON CONFLICT(slug) DO UPDATE SET name=excluded.name, tagline=excluded.tagline, description=excluded.description, website_url=excluded.website_url, github_url=excluded.github_url, docs_url=excluded.docs_url, screenshot_url=excluded.screenshot_url, image_url=excluded.image_url, pricing_model=excluded.pricing_model, tool_type=excluded.tool_type, status=excluded.status, featured=excluded.featured, sponsor_tier=excluded.sponsor_tier, updated_at=datetime('now');
DELETE FROM tool_categories WHERE tool_id = 'chainabuse';
INSERT OR IGNORE INTO tool_categories (tool_id, category_id) SELECT 'chainabuse', id FROM categories WHERE slug = 'web3-security';
INSERT OR IGNORE INTO tool_categories (tool_id, category_id) SELECT 'chainabuse', id FROM categories WHERE slug = 'cti';
DELETE FROM tool_tags WHERE tool_id = 'chainabuse';
INSERT OR IGNORE INTO tags (id, slug, name) VALUES ('web3', 'web3', 'web3');
INSERT OR IGNORE INTO tool_tags (tool_id, tag_id) VALUES ('chainabuse', 'web3');
INSERT OR IGNORE INTO tags (id, slug, name) VALUES ('scams', 'scams', 'scams');
INSERT OR IGNORE INTO tool_tags (tool_id, tag_id) VALUES ('chainabuse', 'scams');
INSERT OR IGNORE INTO tags (id, slug, name) VALUES ('wallets', 'wallets', 'wallets');
INSERT OR IGNORE INTO tool_tags (tool_id, tag_id) VALUES ('chainabuse', 'wallets');
INSERT INTO tools (id, slug, name, tagline, description, website_url, github_url, docs_url, screenshot_url, image_url, pricing_model, tool_type, status, featured, sponsor_tier, created_at, updated_at) VALUES ('etherscan', 'etherscan', 'Etherscan', 'Ethereum block explorer.', 'Block explorer for Ethereum transactions, addresses, contracts, tokens, labels, and verification workflows.', 'https://etherscan.io/', NULL, NULL, '/tool-screenshots/etherscan.webp', '/tool-images/etherscan.svg', 'free', 'Block explorer', 'published', 1, 'none', datetime('now'), datetime('now')) ON CONFLICT(slug) DO UPDATE SET name=excluded.name, tagline=excluded.tagline, description=excluded.description, website_url=excluded.website_url, github_url=excluded.github_url, docs_url=excluded.docs_url, screenshot_url=excluded.screenshot_url, image_url=excluded.image_url, pricing_model=excluded.pricing_model, tool_type=excluded.tool_type, status=excluded.status, featured=excluded.featured, sponsor_tier=excluded.sponsor_tier, updated_at=datetime('now');
DELETE FROM tool_categories WHERE tool_id = 'etherscan';
INSERT OR IGNORE INTO tool_categories (tool_id, category_id) SELECT 'etherscan', id FROM categories WHERE slug = 'web3-security';
INSERT OR IGNORE INTO tool_categories (tool_id, category_id) SELECT 'etherscan', id FROM categories WHERE slug = 'osint';
DELETE FROM tool_tags WHERE tool_id = 'etherscan';
INSERT OR IGNORE INTO tags (id, slug, name) VALUES ('ethereum', 'ethereum', 'ethereum');
INSERT OR IGNORE INTO tool_tags (tool_id, tag_id) VALUES ('etherscan', 'ethereum');
INSERT OR IGNORE INTO tags (id, slug, name) VALUES ('transactions', 'transactions', 'transactions');
INSERT OR IGNORE INTO tool_tags (tool_id, tag_id) VALUES ('etherscan', 'transactions');
INSERT OR IGNORE INTO tags (id, slug, name) VALUES ('contracts', 'contracts', 'contracts');
INSERT OR IGNORE INTO tool_tags (tool_id, tag_id) VALUES ('etherscan', 'contracts');
INSERT INTO tools (id, slug, name, tagline, description, website_url, github_url, docs_url, screenshot_url, image_url, pricing_model, tool_type, status, featured, sponsor_tier, created_at, updated_at) VALUES ('debank', 'debank', 'DeBank', 'Web3 portfolio and wallet profiler.', 'Wallet portfolio and DeFi activity explorer for understanding address exposure, holdings, and protocol interactions.', 'https://debank.com/', NULL, NULL, '/tool-screenshots/debank.webp', '/tool-images/debank.svg', 'freemium', 'Wallet intelligence', 'published', 0, 'none', datetime('now'), datetime('now')) ON CONFLICT(slug) DO UPDATE SET name=excluded.name, tagline=excluded.tagline, description=excluded.description, website_url=excluded.website_url, github_url=excluded.github_url, docs_url=excluded.docs_url, screenshot_url=excluded.screenshot_url, image_url=excluded.image_url, pricing_model=excluded.pricing_model, tool_type=excluded.tool_type, status=excluded.status, featured=excluded.featured, sponsor_tier=excluded.sponsor_tier, updated_at=datetime('now');
DELETE FROM tool_categories WHERE tool_id = 'debank';
INSERT OR IGNORE INTO tool_categories (tool_id, category_id) SELECT 'debank', id FROM categories WHERE slug = 'web3-security';
INSERT OR IGNORE INTO tool_categories (tool_id, category_id) SELECT 'debank', id FROM categories WHERE slug = 'osint';
DELETE FROM tool_tags WHERE tool_id = 'debank';
INSERT OR IGNORE INTO tags (id, slug, name) VALUES ('wallets', 'wallets', 'wallets');
INSERT OR IGNORE INTO tool_tags (tool_id, tag_id) VALUES ('debank', 'wallets');
INSERT OR IGNORE INTO tags (id, slug, name) VALUES ('defi', 'defi', 'defi');
INSERT OR IGNORE INTO tool_tags (tool_id, tag_id) VALUES ('debank', 'defi');
INSERT OR IGNORE INTO tags (id, slug, name) VALUES ('portfolio', 'portfolio', 'portfolio');
INSERT OR IGNORE INTO tool_tags (tool_id, tag_id) VALUES ('debank', 'portfolio');
INSERT INTO tools (id, slug, name, tagline, description, website_url, github_url, docs_url, screenshot_url, image_url, pricing_model, tool_type, status, featured, sponsor_tier, created_at, updated_at) VALUES ('arkham', 'arkham', 'Arkham', 'Crypto entity intelligence.', 'Blockchain intelligence platform for wallet/entity labels, transaction tracing, dashboards, and crypto investigations.', 'https://platform.arkhamintelligence.com/', NULL, NULL, '/tool-screenshots/arkham.webp', '/tool-images/arkham.svg', 'freemium', 'Blockchain intelligence', 'published', 1, 'none', datetime('now'), datetime('now')) ON CONFLICT(slug) DO UPDATE SET name=excluded.name, tagline=excluded.tagline, description=excluded.description, website_url=excluded.website_url, github_url=excluded.github_url, docs_url=excluded.docs_url, screenshot_url=excluded.screenshot_url, image_url=excluded.image_url, pricing_model=excluded.pricing_model, tool_type=excluded.tool_type, status=excluded.status, featured=excluded.featured, sponsor_tier=excluded.sponsor_tier, updated_at=datetime('now');
DELETE FROM tool_categories WHERE tool_id = 'arkham';
INSERT OR IGNORE INTO tool_categories (tool_id, category_id) SELECT 'arkham', id FROM categories WHERE slug = 'web3-security';
INSERT OR IGNORE INTO tool_categories (tool_id, category_id) SELECT 'arkham', id FROM categories WHERE slug = 'cti';
DELETE FROM tool_tags WHERE tool_id = 'arkham';
INSERT OR IGNORE INTO tags (id, slug, name) VALUES ('wallets', 'wallets', 'wallets');
INSERT OR IGNORE INTO tool_tags (tool_id, tag_id) VALUES ('arkham', 'wallets');
INSERT OR IGNORE INTO tags (id, slug, name) VALUES ('tracing', 'tracing', 'tracing');
INSERT OR IGNORE INTO tool_tags (tool_id, tag_id) VALUES ('arkham', 'tracing');
INSERT OR IGNORE INTO tags (id, slug, name) VALUES ('entities', 'entities', 'entities');
INSERT OR IGNORE INTO tool_tags (tool_id, tag_id) VALUES ('arkham', 'entities');
INSERT INTO tools (id, slug, name, tagline, description, website_url, github_url, docs_url, screenshot_url, image_url, pricing_model, tool_type, status, featured, sponsor_tier, created_at, updated_at) VALUES ('breadcrumbs', 'breadcrumbs', 'Breadcrumbs', 'Crypto investigation graphing.', 'Blockchain investigation platform for tracing funds, clustering wallets, and visualizing transaction relationships.', 'https://www.breadcrumbs.app/', NULL, NULL, '/tool-screenshots/breadcrumbs.webp', '/tool-images/breadcrumbs.svg', 'freemium', 'Blockchain investigation', 'published', 0, 'none', datetime('now'), datetime('now')) ON CONFLICT(slug) DO UPDATE SET name=excluded.name, tagline=excluded.tagline, description=excluded.description, website_url=excluded.website_url, github_url=excluded.github_url, docs_url=excluded.docs_url, screenshot_url=excluded.screenshot_url, image_url=excluded.image_url, pricing_model=excluded.pricing_model, tool_type=excluded.tool_type, status=excluded.status, featured=excluded.featured, sponsor_tier=excluded.sponsor_tier, updated_at=datetime('now');
DELETE FROM tool_categories WHERE tool_id = 'breadcrumbs';
INSERT OR IGNORE INTO tool_categories (tool_id, category_id) SELECT 'breadcrumbs', id FROM categories WHERE slug = 'web3-security';
DELETE FROM tool_tags WHERE tool_id = 'breadcrumbs';
INSERT OR IGNORE INTO tags (id, slug, name) VALUES ('tracing', 'tracing', 'tracing');
INSERT OR IGNORE INTO tool_tags (tool_id, tag_id) VALUES ('breadcrumbs', 'tracing');
INSERT OR IGNORE INTO tags (id, slug, name) VALUES ('wallets', 'wallets', 'wallets');
INSERT OR IGNORE INTO tool_tags (tool_id, tag_id) VALUES ('breadcrumbs', 'wallets');
INSERT OR IGNORE INTO tags (id, slug, name) VALUES ('graph', 'graph', 'graph');
INSERT OR IGNORE INTO tool_tags (tool_id, tag_id) VALUES ('breadcrumbs', 'graph');
INSERT INTO tools (id, slug, name, tagline, description, website_url, github_url, docs_url, screenshot_url, image_url, pricing_model, tool_type, status, featured, sponsor_tier, created_at, updated_at) VALUES ('metasleuth', 'metasleuth', 'MetaSleuth', 'Crypto tracking and investigation.', 'Blockchain investigation tool for tracing funds, analyzing wallet behavior, and exploring transaction relationships.', 'https://metasleuth.io/', NULL, NULL, '/tool-screenshots/metasleuth.webp', '/tool-images/metasleuth.svg', 'freemium', 'Blockchain investigation', 'published', 0, 'none', datetime('now'), datetime('now')) ON CONFLICT(slug) DO UPDATE SET name=excluded.name, tagline=excluded.tagline, description=excluded.description, website_url=excluded.website_url, github_url=excluded.github_url, docs_url=excluded.docs_url, screenshot_url=excluded.screenshot_url, image_url=excluded.image_url, pricing_model=excluded.pricing_model, tool_type=excluded.tool_type, status=excluded.status, featured=excluded.featured, sponsor_tier=excluded.sponsor_tier, updated_at=datetime('now');
DELETE FROM tool_categories WHERE tool_id = 'metasleuth';
INSERT OR IGNORE INTO tool_categories (tool_id, category_id) SELECT 'metasleuth', id FROM categories WHERE slug = 'web3-security';
DELETE FROM tool_tags WHERE tool_id = 'metasleuth';
INSERT OR IGNORE INTO tags (id, slug, name) VALUES ('tracing', 'tracing', 'tracing');
INSERT OR IGNORE INTO tool_tags (tool_id, tag_id) VALUES ('metasleuth', 'tracing');
INSERT OR IGNORE INTO tags (id, slug, name) VALUES ('wallets', 'wallets', 'wallets');
INSERT OR IGNORE INTO tool_tags (tool_id, tag_id) VALUES ('metasleuth', 'wallets');
INSERT OR IGNORE INTO tags (id, slug, name) VALUES ('web3', 'web3', 'web3');
INSERT OR IGNORE INTO tool_tags (tool_id, tag_id) VALUES ('metasleuth', 'web3');
INSERT INTO tools (id, slug, name, tagline, description, website_url, github_url, docs_url, screenshot_url, image_url, pricing_model, tool_type, status, featured, sponsor_tier, created_at, updated_at) VALUES ('tokensniffer', 'tokensniffer', 'Token Sniffer', 'Token scam and contract checks.', 'Checks token contracts and liquidity signals for common scam indicators and risky token patterns.', 'https://tokensniffer.com/', NULL, NULL, '/tool-screenshots/tokensniffer.webp', '/tool-images/tokensniffer.svg', 'freemium', 'Token risk checks', 'published', 0, 'none', datetime('now'), datetime('now')) ON CONFLICT(slug) DO UPDATE SET name=excluded.name, tagline=excluded.tagline, description=excluded.description, website_url=excluded.website_url, github_url=excluded.github_url, docs_url=excluded.docs_url, screenshot_url=excluded.screenshot_url, image_url=excluded.image_url, pricing_model=excluded.pricing_model, tool_type=excluded.tool_type, status=excluded.status, featured=excluded.featured, sponsor_tier=excluded.sponsor_tier, updated_at=datetime('now');
DELETE FROM tool_categories WHERE tool_id = 'tokensniffer';
INSERT OR IGNORE INTO tool_categories (tool_id, category_id) SELECT 'tokensniffer', id FROM categories WHERE slug = 'web3-security';
DELETE FROM tool_tags WHERE tool_id = 'tokensniffer';
INSERT OR IGNORE INTO tags (id, slug, name) VALUES ('tokens', 'tokens', 'tokens');
INSERT OR IGNORE INTO tool_tags (tool_id, tag_id) VALUES ('tokensniffer', 'tokens');
INSERT OR IGNORE INTO tags (id, slug, name) VALUES ('scams', 'scams', 'scams');
INSERT OR IGNORE INTO tool_tags (tool_id, tag_id) VALUES ('tokensniffer', 'scams');
INSERT OR IGNORE INTO tags (id, slug, name) VALUES ('contracts', 'contracts', 'contracts');
INSERT OR IGNORE INTO tool_tags (tool_id, tag_id) VALUES ('tokensniffer', 'contracts');
INSERT INTO tools (id, slug, name, tagline, description, website_url, github_url, docs_url, screenshot_url, image_url, pricing_model, tool_type, status, featured, sponsor_tier, created_at, updated_at) VALUES ('revoke-cash', 'revoke-cash', 'Revoke.cash', 'Manage token approvals.', 'Tool for reviewing and revoking wallet token approvals across multiple chains to reduce Web3 exposure.', 'https://revoke.cash/', NULL, NULL, '/tool-screenshots/revoke-cash.webp', '/tool-images/revoke-cash.svg', 'free', 'Wallet approval hygiene', 'published', 0, 'none', datetime('now'), datetime('now')) ON CONFLICT(slug) DO UPDATE SET name=excluded.name, tagline=excluded.tagline, description=excluded.description, website_url=excluded.website_url, github_url=excluded.github_url, docs_url=excluded.docs_url, screenshot_url=excluded.screenshot_url, image_url=excluded.image_url, pricing_model=excluded.pricing_model, tool_type=excluded.tool_type, status=excluded.status, featured=excluded.featured, sponsor_tier=excluded.sponsor_tier, updated_at=datetime('now');
DELETE FROM tool_categories WHERE tool_id = 'revoke-cash';
INSERT OR IGNORE INTO tool_categories (tool_id, category_id) SELECT 'revoke-cash', id FROM categories WHERE slug = 'web3-security';
DELETE FROM tool_tags WHERE tool_id = 'revoke-cash';
INSERT OR IGNORE INTO tags (id, slug, name) VALUES ('approvals', 'approvals', 'approvals');
INSERT OR IGNORE INTO tool_tags (tool_id, tag_id) VALUES ('revoke-cash', 'approvals');
INSERT OR IGNORE INTO tags (id, slug, name) VALUES ('wallets', 'wallets', 'wallets');
INSERT OR IGNORE INTO tool_tags (tool_id, tag_id) VALUES ('revoke-cash', 'wallets');
INSERT OR IGNORE INTO tags (id, slug, name) VALUES ('defi', 'defi', 'defi');
INSERT OR IGNORE INTO tool_tags (tool_id, tag_id) VALUES ('revoke-cash', 'defi');
INSERT INTO tools (id, slug, name, tagline, description, website_url, github_url, docs_url, screenshot_url, image_url, pricing_model, tool_type, status, featured, sponsor_tier, created_at, updated_at) VALUES ('mandiant', 'mandiant', 'Mandiant', 'Threat intelligence, incident response, and frontline research.', 'Google Cloud security vendor known for threat intelligence reporting, incident response expertise, attacker tracking, and malware/reverse-engineering research used by security teams.', 'https://www.mandiant.com/', NULL, NULL, '/tool-screenshots/mandiant.webp', '/tool-images/mandiant.svg', 'enterprise', 'Threat intelligence platform', 'published', 1, 'none', datetime('now'), datetime('now')) ON CONFLICT(slug) DO UPDATE SET name=excluded.name, tagline=excluded.tagline, description=excluded.description, website_url=excluded.website_url, github_url=excluded.github_url, docs_url=excluded.docs_url, screenshot_url=excluded.screenshot_url, image_url=excluded.image_url, pricing_model=excluded.pricing_model, tool_type=excluded.tool_type, status=excluded.status, featured=excluded.featured, sponsor_tier=excluded.sponsor_tier, updated_at=datetime('now');
DELETE FROM tool_categories WHERE tool_id = 'mandiant';
INSERT OR IGNORE INTO tool_categories (tool_id, category_id) SELECT 'mandiant', id FROM categories WHERE slug = 'security-vendors';
INSERT OR IGNORE INTO tool_categories (tool_id, category_id) SELECT 'mandiant', id FROM categories WHERE slug = 'cti';
INSERT OR IGNORE INTO tool_categories (tool_id, category_id) SELECT 'mandiant', id FROM categories WHERE slug = 'malware-analysis';
DELETE FROM tool_tags WHERE tool_id = 'mandiant';
INSERT OR IGNORE INTO tags (id, slug, name) VALUES ('threat-intelligence', 'threat-intelligence', 'threat-intelligence');
INSERT OR IGNORE INTO tool_tags (tool_id, tag_id) VALUES ('mandiant', 'threat-intelligence');
INSERT OR IGNORE INTO tags (id, slug, name) VALUES ('incident-response', 'incident-response', 'incident-response');
INSERT OR IGNORE INTO tool_tags (tool_id, tag_id) VALUES ('mandiant', 'incident-response');
INSERT OR IGNORE INTO tags (id, slug, name) VALUES ('apt', 'apt', 'apt');
INSERT OR IGNORE INTO tool_tags (tool_id, tag_id) VALUES ('mandiant', 'apt');
INSERT INTO tools (id, slug, name, tagline, description, website_url, github_url, docs_url, screenshot_url, image_url, pricing_model, tool_type, status, featured, sponsor_tier, created_at, updated_at) VALUES ('recorded-future', 'recorded-future', 'Recorded Future', 'Intelligence cloud for threat, vulnerability, and exposure context.', 'Commercial intelligence platform combining threat intelligence, attack surface, vulnerability, brand, and third-party risk signals for security operations and risk teams.', 'https://www.recordedfuture.com/', NULL, NULL, '/tool-screenshots/recorded-future.webp', '/tool-images/recorded-future.svg', 'enterprise', 'Threat intelligence platform', 'published', 1, 'none', datetime('now'), datetime('now')) ON CONFLICT(slug) DO UPDATE SET name=excluded.name, tagline=excluded.tagline, description=excluded.description, website_url=excluded.website_url, github_url=excluded.github_url, docs_url=excluded.docs_url, screenshot_url=excluded.screenshot_url, image_url=excluded.image_url, pricing_model=excluded.pricing_model, tool_type=excluded.tool_type, status=excluded.status, featured=excluded.featured, sponsor_tier=excluded.sponsor_tier, updated_at=datetime('now');
DELETE FROM tool_categories WHERE tool_id = 'recorded-future';
INSERT OR IGNORE INTO tool_categories (tool_id, category_id) SELECT 'recorded-future', id FROM categories WHERE slug = 'security-vendors';
INSERT OR IGNORE INTO tool_categories (tool_id, category_id) SELECT 'recorded-future', id FROM categories WHERE slug = 'cti';
INSERT OR IGNORE INTO tool_categories (tool_id, category_id) SELECT 'recorded-future', id FROM categories WHERE slug = 'vulnerability-management';
DELETE FROM tool_tags WHERE tool_id = 'recorded-future';
INSERT OR IGNORE INTO tags (id, slug, name) VALUES ('threat-intelligence', 'threat-intelligence', 'threat-intelligence');
INSERT OR IGNORE INTO tool_tags (tool_id, tag_id) VALUES ('recorded-future', 'threat-intelligence');
INSERT OR IGNORE INTO tags (id, slug, name) VALUES ('exposure', 'exposure', 'exposure');
INSERT OR IGNORE INTO tool_tags (tool_id, tag_id) VALUES ('recorded-future', 'exposure');
INSERT OR IGNORE INTO tags (id, slug, name) VALUES ('risk', 'risk', 'risk');
INSERT OR IGNORE INTO tool_tags (tool_id, tag_id) VALUES ('recorded-future', 'risk');
INSERT INTO tools (id, slug, name, tagline, description, website_url, github_url, docs_url, screenshot_url, image_url, pricing_model, tool_type, status, featured, sponsor_tier, created_at, updated_at) VALUES ('flashpoint', 'flashpoint', 'Flashpoint', 'Threat, vulnerability, fraud, and illicit-community intelligence.', 'Security intelligence vendor focused on finished intelligence, deep and dark web sources, vulnerability intelligence, fraud signals, and threat actor context for defenders.', 'https://flashpoint.io/', NULL, NULL, '/tool-screenshots/flashpoint.webp', '/tool-images/flashpoint.svg', 'enterprise', 'Threat intelligence platform', 'published', 0, 'none', datetime('now'), datetime('now')) ON CONFLICT(slug) DO UPDATE SET name=excluded.name, tagline=excluded.tagline, description=excluded.description, website_url=excluded.website_url, github_url=excluded.github_url, docs_url=excluded.docs_url, screenshot_url=excluded.screenshot_url, image_url=excluded.image_url, pricing_model=excluded.pricing_model, tool_type=excluded.tool_type, status=excluded.status, featured=excluded.featured, sponsor_tier=excluded.sponsor_tier, updated_at=datetime('now');
DELETE FROM tool_categories WHERE tool_id = 'flashpoint';
INSERT OR IGNORE INTO tool_categories (tool_id, category_id) SELECT 'flashpoint', id FROM categories WHERE slug = 'security-vendors';
INSERT OR IGNORE INTO tool_categories (tool_id, category_id) SELECT 'flashpoint', id FROM categories WHERE slug = 'cti';
INSERT OR IGNORE INTO tool_categories (tool_id, category_id) SELECT 'flashpoint', id FROM categories WHERE slug = 'osint';
DELETE FROM tool_tags WHERE tool_id = 'flashpoint';
INSERT OR IGNORE INTO tags (id, slug, name) VALUES ('dark-web', 'dark-web', 'dark-web');
INSERT OR IGNORE INTO tool_tags (tool_id, tag_id) VALUES ('flashpoint', 'dark-web');
INSERT OR IGNORE INTO tags (id, slug, name) VALUES ('fraud', 'fraud', 'fraud');
INSERT OR IGNORE INTO tool_tags (tool_id, tag_id) VALUES ('flashpoint', 'fraud');
INSERT OR IGNORE INTO tags (id, slug, name) VALUES ('vulnerability-intelligence', 'vulnerability-intelligence', 'vulnerability-intelligence');
INSERT OR IGNORE INTO tool_tags (tool_id, tag_id) VALUES ('flashpoint', 'vulnerability-intelligence');
INSERT INTO tools (id, slug, name, tagline, description, website_url, github_url, docs_url, screenshot_url, image_url, pricing_model, tool_type, status, featured, sponsor_tier, created_at, updated_at) VALUES ('unit-42', 'unit-42', 'Palo Alto Unit 42', 'Incident response and threat research from Palo Alto Networks.', 'Palo Alto Networks threat research and incident response team publishing adversary reporting, malware analysis, cloud threat research, and response services.', 'https://unit42.paloaltonetworks.com/', NULL, NULL, '/tool-screenshots/unit-42.webp', '/tool-images/unit-42.svg', 'enterprise', 'Threat research and IR', 'published', 1, 'none', datetime('now'), datetime('now')) ON CONFLICT(slug) DO UPDATE SET name=excluded.name, tagline=excluded.tagline, description=excluded.description, website_url=excluded.website_url, github_url=excluded.github_url, docs_url=excluded.docs_url, screenshot_url=excluded.screenshot_url, image_url=excluded.image_url, pricing_model=excluded.pricing_model, tool_type=excluded.tool_type, status=excluded.status, featured=excluded.featured, sponsor_tier=excluded.sponsor_tier, updated_at=datetime('now');
DELETE FROM tool_categories WHERE tool_id = 'unit-42';
INSERT OR IGNORE INTO tool_categories (tool_id, category_id) SELECT 'unit-42', id FROM categories WHERE slug = 'security-vendors';
INSERT OR IGNORE INTO tool_categories (tool_id, category_id) SELECT 'unit-42', id FROM categories WHERE slug = 'cti';
INSERT OR IGNORE INTO tool_categories (tool_id, category_id) SELECT 'unit-42', id FROM categories WHERE slug = 'malware-analysis';
DELETE FROM tool_tags WHERE tool_id = 'unit-42';
INSERT OR IGNORE INTO tags (id, slug, name) VALUES ('incident-response', 'incident-response', 'incident-response');
INSERT OR IGNORE INTO tool_tags (tool_id, tag_id) VALUES ('unit-42', 'incident-response');
INSERT OR IGNORE INTO tags (id, slug, name) VALUES ('threat-research', 'threat-research', 'threat-research');
INSERT OR IGNORE INTO tool_tags (tool_id, tag_id) VALUES ('unit-42', 'threat-research');
INSERT OR IGNORE INTO tags (id, slug, name) VALUES ('cloud-security', 'cloud-security', 'cloud-security');
INSERT OR IGNORE INTO tool_tags (tool_id, tag_id) VALUES ('unit-42', 'cloud-security');
INSERT INTO tools (id, slug, name, tagline, description, website_url, github_url, docs_url, screenshot_url, image_url, pricing_model, tool_type, status, featured, sponsor_tier, created_at, updated_at) VALUES ('microsoft-defender-ti', 'microsoft-defender-ti', 'Microsoft Defender Threat Intelligence', 'Microsoft global threat intelligence and internet mapping.', 'Microsoft security platform for threat intelligence, infrastructure mapping, indicator enrichment, actor tracking, and Defender ecosystem investigation workflows.', 'https://www.microsoft.com/en-us/security/business/siem-and-xdr/microsoft-defender-threat-intelligence', NULL, NULL, '/tool-screenshots/microsoft-defender-ti.webp', '/tool-images/microsoft-defender-ti.svg', 'enterprise', 'Threat intelligence platform', 'published', 0, 'none', datetime('now'), datetime('now')) ON CONFLICT(slug) DO UPDATE SET name=excluded.name, tagline=excluded.tagline, description=excluded.description, website_url=excluded.website_url, github_url=excluded.github_url, docs_url=excluded.docs_url, screenshot_url=excluded.screenshot_url, image_url=excluded.image_url, pricing_model=excluded.pricing_model, tool_type=excluded.tool_type, status=excluded.status, featured=excluded.featured, sponsor_tier=excluded.sponsor_tier, updated_at=datetime('now');
DELETE FROM tool_categories WHERE tool_id = 'microsoft-defender-ti';
INSERT OR IGNORE INTO tool_categories (tool_id, category_id) SELECT 'microsoft-defender-ti', id FROM categories WHERE slug = 'security-vendors';
INSERT OR IGNORE INTO tool_categories (tool_id, category_id) SELECT 'microsoft-defender-ti', id FROM categories WHERE slug = 'cti';
INSERT OR IGNORE INTO tool_categories (tool_id, category_id) SELECT 'microsoft-defender-ti', id FROM categories WHERE slug = 'osint';
DELETE FROM tool_tags WHERE tool_id = 'microsoft-defender-ti';
INSERT OR IGNORE INTO tags (id, slug, name) VALUES ('threat-intelligence', 'threat-intelligence', 'threat-intelligence');
INSERT OR IGNORE INTO tool_tags (tool_id, tag_id) VALUES ('microsoft-defender-ti', 'threat-intelligence');
INSERT OR IGNORE INTO tags (id, slug, name) VALUES ('infrastructure', 'infrastructure', 'infrastructure');
INSERT OR IGNORE INTO tool_tags (tool_id, tag_id) VALUES ('microsoft-defender-ti', 'infrastructure');
INSERT OR IGNORE INTO tags (id, slug, name) VALUES ('microsoft', 'microsoft', 'microsoft');
INSERT OR IGNORE INTO tool_tags (tool_id, tag_id) VALUES ('microsoft-defender-ti', 'microsoft');
INSERT INTO tools (id, slug, name, tagline, description, website_url, github_url, docs_url, screenshot_url, image_url, pricing_model, tool_type, status, featured, sponsor_tier, created_at, updated_at) VALUES ('cisco-talos', 'cisco-talos', 'Cisco Talos', 'Cisco threat intelligence, reputation, and research.', 'Cisco Talos provides threat research, reputation intelligence, vulnerability discovery, malware analysis, and security telemetry used across Cisco security products.', 'https://talosintelligence.com/', NULL, NULL, '/tool-screenshots/cisco-talos.webp', '/tool-images/cisco-talos.svg', 'free', 'Threat research and reputation', 'published', 1, 'none', datetime('now'), datetime('now')) ON CONFLICT(slug) DO UPDATE SET name=excluded.name, tagline=excluded.tagline, description=excluded.description, website_url=excluded.website_url, github_url=excluded.github_url, docs_url=excluded.docs_url, screenshot_url=excluded.screenshot_url, image_url=excluded.image_url, pricing_model=excluded.pricing_model, tool_type=excluded.tool_type, status=excluded.status, featured=excluded.featured, sponsor_tier=excluded.sponsor_tier, updated_at=datetime('now');
DELETE FROM tool_categories WHERE tool_id = 'cisco-talos';
INSERT OR IGNORE INTO tool_categories (tool_id, category_id) SELECT 'cisco-talos', id FROM categories WHERE slug = 'security-vendors';
INSERT OR IGNORE INTO tool_categories (tool_id, category_id) SELECT 'cisco-talos', id FROM categories WHERE slug = 'cti';
INSERT OR IGNORE INTO tool_categories (tool_id, category_id) SELECT 'cisco-talos', id FROM categories WHERE slug = 'malware-analysis';
INSERT OR IGNORE INTO tool_categories (tool_id, category_id) SELECT 'cisco-talos', id FROM categories WHERE slug = 'vulnerability-management';
DELETE FROM tool_tags WHERE tool_id = 'cisco-talos';
INSERT OR IGNORE INTO tags (id, slug, name) VALUES ('reputation', 'reputation', 'reputation');
INSERT OR IGNORE INTO tool_tags (tool_id, tag_id) VALUES ('cisco-talos', 'reputation');
INSERT OR IGNORE INTO tags (id, slug, name) VALUES ('malware', 'malware', 'malware');
INSERT OR IGNORE INTO tool_tags (tool_id, tag_id) VALUES ('cisco-talos', 'malware');
INSERT OR IGNORE INTO tags (id, slug, name) VALUES ('vulnerability-research', 'vulnerability-research', 'vulnerability-research');
INSERT OR IGNORE INTO tool_tags (tool_id, tag_id) VALUES ('cisco-talos', 'vulnerability-research');
INSERT INTO tools (id, slug, name, tagline, description, website_url, github_url, docs_url, screenshot_url, image_url, pricing_model, tool_type, status, featured, sponsor_tier, created_at, updated_at) VALUES ('sophos-x-ops', 'sophos-x-ops', 'Sophos X-Ops', 'Threat research across MDR, endpoint, email, cloud, and labs.', 'Sophos X-Ops combines threat research, MDR telemetry, malware analysis, incident response learnings, and defensive guidance for security teams.', 'https://www.sophos.com/en-us/sophos-x-ops', NULL, NULL, '/tool-screenshots/sophos-x-ops.webp', '/tool-images/sophos-x-ops.svg', 'enterprise', 'Threat research and MDR', 'published', 0, 'none', datetime('now'), datetime('now')) ON CONFLICT(slug) DO UPDATE SET name=excluded.name, tagline=excluded.tagline, description=excluded.description, website_url=excluded.website_url, github_url=excluded.github_url, docs_url=excluded.docs_url, screenshot_url=excluded.screenshot_url, image_url=excluded.image_url, pricing_model=excluded.pricing_model, tool_type=excluded.tool_type, status=excluded.status, featured=excluded.featured, sponsor_tier=excluded.sponsor_tier, updated_at=datetime('now');
DELETE FROM tool_categories WHERE tool_id = 'sophos-x-ops';
INSERT OR IGNORE INTO tool_categories (tool_id, category_id) SELECT 'sophos-x-ops', id FROM categories WHERE slug = 'security-vendors';
INSERT OR IGNORE INTO tool_categories (tool_id, category_id) SELECT 'sophos-x-ops', id FROM categories WHERE slug = 'cti';
INSERT OR IGNORE INTO tool_categories (tool_id, category_id) SELECT 'sophos-x-ops', id FROM categories WHERE slug = 'malware-analysis';
INSERT OR IGNORE INTO tool_categories (tool_id, category_id) SELECT 'sophos-x-ops', id FROM categories WHERE slug = 'detection-engineering';
DELETE FROM tool_tags WHERE tool_id = 'sophos-x-ops';
INSERT OR IGNORE INTO tags (id, slug, name) VALUES ('mdr', 'mdr', 'mdr');
INSERT OR IGNORE INTO tool_tags (tool_id, tag_id) VALUES ('sophos-x-ops', 'mdr');
INSERT OR IGNORE INTO tags (id, slug, name) VALUES ('threat-research', 'threat-research', 'threat-research');
INSERT OR IGNORE INTO tool_tags (tool_id, tag_id) VALUES ('sophos-x-ops', 'threat-research');
INSERT OR IGNORE INTO tags (id, slug, name) VALUES ('malware', 'malware', 'malware');
INSERT OR IGNORE INTO tool_tags (tool_id, tag_id) VALUES ('sophos-x-ops', 'malware');
INSERT INTO tools (id, slug, name, tagline, description, website_url, github_url, docs_url, screenshot_url, image_url, pricing_model, tool_type, status, featured, sponsor_tier, created_at, updated_at) VALUES ('eset-research', 'eset-research', 'ESET Research', 'APT, malware, and vulnerability research.', 'ESET Research publishes malware analysis, APT reporting, vulnerability research, and defensive insights useful to analysts tracking campaigns and threat actors.', 'https://www.welivesecurity.com/en/eset-research/', NULL, NULL, '/tool-screenshots/eset-research.webp', '/tool-images/eset-research.svg', 'free', 'Threat research', 'published', 0, 'none', datetime('now'), datetime('now')) ON CONFLICT(slug) DO UPDATE SET name=excluded.name, tagline=excluded.tagline, description=excluded.description, website_url=excluded.website_url, github_url=excluded.github_url, docs_url=excluded.docs_url, screenshot_url=excluded.screenshot_url, image_url=excluded.image_url, pricing_model=excluded.pricing_model, tool_type=excluded.tool_type, status=excluded.status, featured=excluded.featured, sponsor_tier=excluded.sponsor_tier, updated_at=datetime('now');
DELETE FROM tool_categories WHERE tool_id = 'eset-research';
INSERT OR IGNORE INTO tool_categories (tool_id, category_id) SELECT 'eset-research', id FROM categories WHERE slug = 'security-vendors';
INSERT OR IGNORE INTO tool_categories (tool_id, category_id) SELECT 'eset-research', id FROM categories WHERE slug = 'cti';
INSERT OR IGNORE INTO tool_categories (tool_id, category_id) SELECT 'eset-research', id FROM categories WHERE slug = 'malware-analysis';
DELETE FROM tool_tags WHERE tool_id = 'eset-research';
INSERT OR IGNORE INTO tags (id, slug, name) VALUES ('apt', 'apt', 'apt');
INSERT OR IGNORE INTO tool_tags (tool_id, tag_id) VALUES ('eset-research', 'apt');
INSERT OR IGNORE INTO tags (id, slug, name) VALUES ('malware', 'malware', 'malware');
INSERT OR IGNORE INTO tool_tags (tool_id, tag_id) VALUES ('eset-research', 'malware');
INSERT OR IGNORE INTO tags (id, slug, name) VALUES ('research', 'research', 'research');
INSERT OR IGNORE INTO tool_tags (tool_id, tag_id) VALUES ('eset-research', 'research');
INSERT INTO tools (id, slug, name, tagline, description, website_url, github_url, docs_url, screenshot_url, image_url, pricing_model, tool_type, status, featured, sponsor_tier, created_at, updated_at) VALUES ('trellix', 'trellix', 'Trellix', 'XDR, threat intelligence, and security operations platform.', 'Security vendor platform for XDR, endpoint, network, email, threat intelligence, and incident response workflows used by enterprise security teams.', 'https://www.trellix.com/', NULL, NULL, '/tool-screenshots/trellix.webp', '/tool-images/trellix.svg', 'enterprise', 'Security vendor platform', 'published', 0, 'none', datetime('now'), datetime('now')) ON CONFLICT(slug) DO UPDATE SET name=excluded.name, tagline=excluded.tagline, description=excluded.description, website_url=excluded.website_url, github_url=excluded.github_url, docs_url=excluded.docs_url, screenshot_url=excluded.screenshot_url, image_url=excluded.image_url, pricing_model=excluded.pricing_model, tool_type=excluded.tool_type, status=excluded.status, featured=excluded.featured, sponsor_tier=excluded.sponsor_tier, updated_at=datetime('now');
DELETE FROM tool_categories WHERE tool_id = 'trellix';
INSERT OR IGNORE INTO tool_categories (tool_id, category_id) SELECT 'trellix', id FROM categories WHERE slug = 'security-vendors';
INSERT OR IGNORE INTO tool_categories (tool_id, category_id) SELECT 'trellix', id FROM categories WHERE slug = 'cti';
INSERT OR IGNORE INTO tool_categories (tool_id, category_id) SELECT 'trellix', id FROM categories WHERE slug = 'detection-engineering';
DELETE FROM tool_tags WHERE tool_id = 'trellix';
INSERT OR IGNORE INTO tags (id, slug, name) VALUES ('xdr', 'xdr', 'xdr');
INSERT OR IGNORE INTO tool_tags (tool_id, tag_id) VALUES ('trellix', 'xdr');
INSERT OR IGNORE INTO tags (id, slug, name) VALUES ('endpoint', 'endpoint', 'endpoint');
INSERT OR IGNORE INTO tool_tags (tool_id, tag_id) VALUES ('trellix', 'endpoint');
INSERT OR IGNORE INTO tags (id, slug, name) VALUES ('threat-intelligence', 'threat-intelligence', 'threat-intelligence');
INSERT OR IGNORE INTO tool_tags (tool_id, tag_id) VALUES ('trellix', 'threat-intelligence');
INSERT INTO tools (id, slug, name, tagline, description, website_url, github_url, docs_url, screenshot_url, image_url, pricing_model, tool_type, status, featured, sponsor_tier, created_at, updated_at) VALUES ('sentinelone', 'sentinelone', 'SentinelOne', 'Endpoint, cloud, identity, and threat intelligence platform.', 'Security vendor platform covering endpoint protection, cloud workload security, identity context, managed detection, and threat intelligence research.', 'https://www.sentinelone.com/', NULL, NULL, '/tool-screenshots/sentinelone.webp', '/tool-images/sentinelone.svg', 'enterprise', 'Security vendor platform', 'published', 1, 'none', datetime('now'), datetime('now')) ON CONFLICT(slug) DO UPDATE SET name=excluded.name, tagline=excluded.tagline, description=excluded.description, website_url=excluded.website_url, github_url=excluded.github_url, docs_url=excluded.docs_url, screenshot_url=excluded.screenshot_url, image_url=excluded.image_url, pricing_model=excluded.pricing_model, tool_type=excluded.tool_type, status=excluded.status, featured=excluded.featured, sponsor_tier=excluded.sponsor_tier, updated_at=datetime('now');
DELETE FROM tool_categories WHERE tool_id = 'sentinelone';
INSERT OR IGNORE INTO tool_categories (tool_id, category_id) SELECT 'sentinelone', id FROM categories WHERE slug = 'security-vendors';
INSERT OR IGNORE INTO tool_categories (tool_id, category_id) SELECT 'sentinelone', id FROM categories WHERE slug = 'cti';
INSERT OR IGNORE INTO tool_categories (tool_id, category_id) SELECT 'sentinelone', id FROM categories WHERE slug = 'detection-engineering';
DELETE FROM tool_tags WHERE tool_id = 'sentinelone';
INSERT OR IGNORE INTO tags (id, slug, name) VALUES ('edr', 'edr', 'edr');
INSERT OR IGNORE INTO tool_tags (tool_id, tag_id) VALUES ('sentinelone', 'edr');
INSERT OR IGNORE INTO tags (id, slug, name) VALUES ('xdr', 'xdr', 'xdr');
INSERT OR IGNORE INTO tool_tags (tool_id, tag_id) VALUES ('sentinelone', 'xdr');
INSERT OR IGNORE INTO tags (id, slug, name) VALUES ('cloud-security', 'cloud-security', 'cloud-security');
INSERT OR IGNORE INTO tool_tags (tool_id, tag_id) VALUES ('sentinelone', 'cloud-security');
INSERT INTO tools (id, slug, name, tagline, description, website_url, github_url, docs_url, screenshot_url, image_url, pricing_model, tool_type, status, featured, sponsor_tier, created_at, updated_at) VALUES ('rapid7', 'rapid7', 'Rapid7', 'Exposure management, detection, cloud, and security research.', 'Security vendor with vulnerability management, attack surface, cloud security, detection and response, Metasploit, Project Sonar, and practitioner research.', 'https://www.rapid7.com/', NULL, NULL, '/tool-screenshots/rapid7.webp', '/tool-images/rapid7.svg', 'enterprise', 'Exposure and detection platform', 'published', 0, 'none', datetime('now'), datetime('now')) ON CONFLICT(slug) DO UPDATE SET name=excluded.name, tagline=excluded.tagline, description=excluded.description, website_url=excluded.website_url, github_url=excluded.github_url, docs_url=excluded.docs_url, screenshot_url=excluded.screenshot_url, image_url=excluded.image_url, pricing_model=excluded.pricing_model, tool_type=excluded.tool_type, status=excluded.status, featured=excluded.featured, sponsor_tier=excluded.sponsor_tier, updated_at=datetime('now');
DELETE FROM tool_categories WHERE tool_id = 'rapid7';
INSERT OR IGNORE INTO tool_categories (tool_id, category_id) SELECT 'rapid7', id FROM categories WHERE slug = 'security-vendors';
INSERT OR IGNORE INTO tool_categories (tool_id, category_id) SELECT 'rapid7', id FROM categories WHERE slug = 'vulnerability-management';
INSERT OR IGNORE INTO tool_categories (tool_id, category_id) SELECT 'rapid7', id FROM categories WHERE slug = 'detection-engineering';
DELETE FROM tool_tags WHERE tool_id = 'rapid7';
INSERT OR IGNORE INTO tags (id, slug, name) VALUES ('vulnerability-management', 'vulnerability-management', 'vulnerability-management');
INSERT OR IGNORE INTO tool_tags (tool_id, tag_id) VALUES ('rapid7', 'vulnerability-management');
INSERT OR IGNORE INTO tags (id, slug, name) VALUES ('exposure', 'exposure', 'exposure');
INSERT OR IGNORE INTO tool_tags (tool_id, tag_id) VALUES ('rapid7', 'exposure');
INSERT OR IGNORE INTO tags (id, slug, name) VALUES ('detection', 'detection', 'detection');
INSERT OR IGNORE INTO tool_tags (tool_id, tag_id) VALUES ('rapid7', 'detection');
INSERT INTO tools (id, slug, name, tagline, description, website_url, github_url, docs_url, screenshot_url, image_url, pricing_model, tool_type, status, featured, sponsor_tier, created_at, updated_at) VALUES ('sekoia', 'sekoia', 'Sekoia.io', 'European XDR and cyber threat intelligence platform.', 'Cybersecurity vendor offering XDR, threat intelligence, detection content, investigation workflows, and community intelligence for security operations teams.', 'https://www.sekoia.io/', NULL, NULL, '/tool-screenshots/sekoia.webp', '/tool-images/sekoia.svg', 'enterprise', 'XDR and CTI platform', 'published', 0, 'none', datetime('now'), datetime('now')) ON CONFLICT(slug) DO UPDATE SET name=excluded.name, tagline=excluded.tagline, description=excluded.description, website_url=excluded.website_url, github_url=excluded.github_url, docs_url=excluded.docs_url, screenshot_url=excluded.screenshot_url, image_url=excluded.image_url, pricing_model=excluded.pricing_model, tool_type=excluded.tool_type, status=excluded.status, featured=excluded.featured, sponsor_tier=excluded.sponsor_tier, updated_at=datetime('now');
DELETE FROM tool_categories WHERE tool_id = 'sekoia';
INSERT OR IGNORE INTO tool_categories (tool_id, category_id) SELECT 'sekoia', id FROM categories WHERE slug = 'security-vendors';
INSERT OR IGNORE INTO tool_categories (tool_id, category_id) SELECT 'sekoia', id FROM categories WHERE slug = 'cti';
INSERT OR IGNORE INTO tool_categories (tool_id, category_id) SELECT 'sekoia', id FROM categories WHERE slug = 'detection-engineering';
DELETE FROM tool_tags WHERE tool_id = 'sekoia';
INSERT OR IGNORE INTO tags (id, slug, name) VALUES ('xdr', 'xdr', 'xdr');
INSERT OR IGNORE INTO tool_tags (tool_id, tag_id) VALUES ('sekoia', 'xdr');
INSERT OR IGNORE INTO tags (id, slug, name) VALUES ('cti', 'cti', 'cti');
INSERT OR IGNORE INTO tool_tags (tool_id, tag_id) VALUES ('sekoia', 'cti');
INSERT OR IGNORE INTO tags (id, slug, name) VALUES ('detections', 'detections', 'detections');
INSERT OR IGNORE INTO tool_tags (tool_id, tag_id) VALUES ('sekoia', 'detections');
INSERT INTO tools (id, slug, name, tagline, description, website_url, github_url, docs_url, screenshot_url, image_url, pricing_model, tool_type, status, featured, sponsor_tier, created_at, updated_at) VALUES ('netlas', 'netlas', 'Netlas', 'Internet asset search and attack surface intelligence.', 'Attack surface search platform for domains, IPs, certificates, services, exposed technologies, and infrastructure intelligence during recon and exposure triage.', 'https://netlas.io/', NULL, NULL, '/tool-screenshots/netlas.webp', '/tool-images/netlas.svg', 'freemium', 'Attack surface intelligence', 'published', 0, 'none', datetime('now'), datetime('now')) ON CONFLICT(slug) DO UPDATE SET name=excluded.name, tagline=excluded.tagline, description=excluded.description, website_url=excluded.website_url, github_url=excluded.github_url, docs_url=excluded.docs_url, screenshot_url=excluded.screenshot_url, image_url=excluded.image_url, pricing_model=excluded.pricing_model, tool_type=excluded.tool_type, status=excluded.status, featured=excluded.featured, sponsor_tier=excluded.sponsor_tier, updated_at=datetime('now');
DELETE FROM tool_categories WHERE tool_id = 'netlas';
INSERT OR IGNORE INTO tool_categories (tool_id, category_id) SELECT 'netlas', id FROM categories WHERE slug = 'security-vendors';
INSERT OR IGNORE INTO tool_categories (tool_id, category_id) SELECT 'netlas', id FROM categories WHERE slug = 'osint';
INSERT OR IGNORE INTO tool_categories (tool_id, category_id) SELECT 'netlas', id FROM categories WHERE slug = 'vulnerability-management';
DELETE FROM tool_tags WHERE tool_id = 'netlas';
INSERT OR IGNORE INTO tags (id, slug, name) VALUES ('attack-surface', 'attack-surface', 'attack-surface');
INSERT OR IGNORE INTO tool_tags (tool_id, tag_id) VALUES ('netlas', 'attack-surface');
INSERT OR IGNORE INTO tags (id, slug, name) VALUES ('certificates', 'certificates', 'certificates');
INSERT OR IGNORE INTO tool_tags (tool_id, tag_id) VALUES ('netlas', 'certificates');
INSERT OR IGNORE INTO tags (id, slug, name) VALUES ('recon', 'recon', 'recon');
INSERT OR IGNORE INTO tool_tags (tool_id, tag_id) VALUES ('netlas', 'recon');
INSERT INTO tools (id, slug, name, tagline, description, website_url, github_url, docs_url, screenshot_url, image_url, pricing_model, tool_type, status, featured, sponsor_tier, created_at, updated_at) VALUES ('hunt-io', 'hunt-io', 'Hunt.io', 'Infrastructure hunting and suspicious service discovery.', 'Threat hunting platform for finding suspicious infrastructure, exposed services, certificates, malware-related servers, and adversary operational patterns.', 'https://hunt.io/', NULL, NULL, '/tool-screenshots/hunt-io.webp', '/tool-images/hunt-io.svg', 'freemium', 'Infrastructure threat hunting', 'published', 0, 'none', datetime('now'), datetime('now')) ON CONFLICT(slug) DO UPDATE SET name=excluded.name, tagline=excluded.tagline, description=excluded.description, website_url=excluded.website_url, github_url=excluded.github_url, docs_url=excluded.docs_url, screenshot_url=excluded.screenshot_url, image_url=excluded.image_url, pricing_model=excluded.pricing_model, tool_type=excluded.tool_type, status=excluded.status, featured=excluded.featured, sponsor_tier=excluded.sponsor_tier, updated_at=datetime('now');
DELETE FROM tool_categories WHERE tool_id = 'hunt-io';
INSERT OR IGNORE INTO tool_categories (tool_id, category_id) SELECT 'hunt-io', id FROM categories WHERE slug = 'security-vendors';
INSERT OR IGNORE INTO tool_categories (tool_id, category_id) SELECT 'hunt-io', id FROM categories WHERE slug = 'cti';
INSERT OR IGNORE INTO tool_categories (tool_id, category_id) SELECT 'hunt-io', id FROM categories WHERE slug = 'osint';
DELETE FROM tool_tags WHERE tool_id = 'hunt-io';
INSERT OR IGNORE INTO tags (id, slug, name) VALUES ('infrastructure', 'infrastructure', 'infrastructure');
INSERT OR IGNORE INTO tool_tags (tool_id, tag_id) VALUES ('hunt-io', 'infrastructure');
INSERT OR IGNORE INTO tags (id, slug, name) VALUES ('threat-hunting', 'threat-hunting', 'threat-hunting');
INSERT OR IGNORE INTO tool_tags (tool_id, tag_id) VALUES ('hunt-io', 'threat-hunting');
INSERT OR IGNORE INTO tags (id, slug, name) VALUES ('certificates', 'certificates', 'certificates');
INSERT OR IGNORE INTO tool_tags (tool_id, tag_id) VALUES ('hunt-io', 'certificates');
INSERT INTO tools (id, slug, name, tagline, description, website_url, github_url, docs_url, screenshot_url, image_url, pricing_model, tool_type, status, featured, sponsor_tier, created_at, updated_at) VALUES ('kaspersky-tip', 'kaspersky-tip', 'Kaspersky Threat Intelligence Portal', 'IOC reputation and threat intelligence lookup.', 'Threat intelligence portal for checking files, URLs, domains, and IPs against Kaspersky telemetry and analyst context for investigation workflows.', 'https://opentip.kaspersky.com/', NULL, NULL, '/tool-screenshots/kaspersky-tip.webp', '/tool-images/kaspersky-tip.svg', 'freemium', 'IOC reputation intelligence', 'published', 0, 'none', datetime('now'), datetime('now')) ON CONFLICT(slug) DO UPDATE SET name=excluded.name, tagline=excluded.tagline, description=excluded.description, website_url=excluded.website_url, github_url=excluded.github_url, docs_url=excluded.docs_url, screenshot_url=excluded.screenshot_url, image_url=excluded.image_url, pricing_model=excluded.pricing_model, tool_type=excluded.tool_type, status=excluded.status, featured=excluded.featured, sponsor_tier=excluded.sponsor_tier, updated_at=datetime('now');
DELETE FROM tool_categories WHERE tool_id = 'kaspersky-tip';
INSERT OR IGNORE INTO tool_categories (tool_id, category_id) SELECT 'kaspersky-tip', id FROM categories WHERE slug = 'security-vendors';
INSERT OR IGNORE INTO tool_categories (tool_id, category_id) SELECT 'kaspersky-tip', id FROM categories WHERE slug = 'cti';
INSERT OR IGNORE INTO tool_categories (tool_id, category_id) SELECT 'kaspersky-tip', id FROM categories WHERE slug = 'malware-analysis';
DELETE FROM tool_tags WHERE tool_id = 'kaspersky-tip';
INSERT OR IGNORE INTO tags (id, slug, name) VALUES ('ioc', 'ioc', 'ioc');
INSERT OR IGNORE INTO tool_tags (tool_id, tag_id) VALUES ('kaspersky-tip', 'ioc');
INSERT OR IGNORE INTO tags (id, slug, name) VALUES ('reputation', 'reputation', 'reputation');
INSERT OR IGNORE INTO tool_tags (tool_id, tag_id) VALUES ('kaspersky-tip', 'reputation');
INSERT OR IGNORE INTO tags (id, slug, name) VALUES ('malware', 'malware', 'malware');
INSERT OR IGNORE INTO tool_tags (tool_id, tag_id) VALUES ('kaspersky-tip', 'malware');